Feature,CV_Accuracy
PL_AAIndex1_399,0.3451266638042078
PL_AAIndex1_407,0.34510519536281664
PL_AAIndex1_408,0.34215328467153283
PL_QSO_SW_1,0.3421318162301417
PL_AAIndex1_119,0.34066122799484755
PL_CTDC_9,0.3392657793044225
PL_CTDC_31,0.3392335766423358
PL_AAIndex1_234,0.33777372262773725
PL_AAIndex1_506,0.33630313439244314
PL_CTDT_24,0.3362924001717475
PL_AAIndex1_65,0.3348540145985402
PL_AAIndex1_388,0.33484328037784455
PL_AAIndex1_126,0.33484328037784455
PL_AAIndex1_171,0.33481107771575785
PL_AAIndex1_316,0.33337269214255044
PL_AAIndex1_512,0.33337269214255044
PL_CTDT_17,0.33334048948046374
PL_AAIndex1_128,0.3319128381279519
PL_AAIndex1_85,0.33190210390725633
AF1,0.33189136968656074
PL_AAIndex1_67,0.33188063546586516
PL_AAIndex1_100,0.33185916702447404
PL_AAIndex1_212,0.33045298411335333
T2,0.3304315156719622
PL_AAIndex1_529,0.3304315156719622
PL_AAIndex1_510,0.3304315156719622
PL_AAIndex1_251,0.3304315156719622
PL_AAIndex1_86,0.33042078145126663
PL_CTDC_26,0.33042078145126663
PL_CTDC_37,0.33042078145126663
PL_CTDC_15,0.33042078145126663
ST2,0.33038857878917993
PL_AAIndex1_367,0.3303885787891799
PL_AAIndex1_69,0.3289716616573637
PL_AAIndex1_247,0.3289609274366681
PL_AAIndex1_66,0.3289609274366681
PL_AAIndex1_113,0.3289609274366681
PL_AAIndex1_481,0.32893945899527693
PL_AAIndex1_33,0.3275010734220696
PL_AAIndex1_516,0.327490339201374
PL_AAIndex1_359,0.327490339201374
PL_AAIndex1_483,0.3274796049806784
D.1,0.32745813653928724
PL_CTDC_32,0.32745813653928724
PL_AAIndex1_88,0.32745813653928724
PL_AAIndex1_460,0.3274474023185917
PL_AAIndex1_402,0.32744740231859165
PL_AAIndex1_209,0.326041219407471
PL_AAIndex1_127,0.32603048518677546
PL_AAIndex1_319,0.3260304851867754
PL_AAIndex1_130,0.3260197509660799
PL_AAIndex1_313,0.3260090167453843
PL_CTDT_8,0.32599828252468865
PL_AAIndex1_24,0.3259875483039932
PL_AAIndex1_129,0.3245384285100902
PL_AAIndex1_317,0.3245384285100902
PL_AAIndex1_355,0.3245384285100902
PL_AAIndex1_152,0.3245384285100902
PL_AAIndex1_114,0.3245276942893946
PL_CTDT_32,0.3245276942893946
PL_QSO_SW_3,0.32448475740661226
PL_CTDC_6,0.32310004293688277
PL_AAIndex1_354,0.32308930871618724
PL_AAIndex1_511,0.3230893087161872
Gravy,0.32307857449549165
PL_AAIndex1_507,0.32307857449549165
PL_AAIndex1_515,0.32307857449549165
PL_AAIndex1_150,0.32307857449549165
PL_AAIndex1_205,0.3230785744954916
PL_AAIndex1_70,0.32306784027479607
PL_AAIndex1_461,0.3230463718334049
PL_CTDC_36,0.32162945470158866
PL_AAIndex1_387,0.32159725203950196
PL_AAIndex1_463,0.32159725203950196
PL_AAIndex1_489,0.32159725203950196
PL_AAIndex1_140,0.32158651781880637
PL_AAIndex1_464,0.32015886646629454
SV2,0.32015886646629454
PL_AAIndex1_110,0.320148132245599
PL_AAIndex1_233,0.32013739802490343
PL_QSO_SW_17,0.32012666380420784
PL_AAIndex1_435,0.32012666380420784
KF3,0.3201159295835122
E,0.3201159295835122
PL_AAIndex1_326,0.3186453413482181
C,0.3186453413482181
PL_AAIndex1_381,0.3172391584370975
PL_AAIndex1_446,0.3172284242164019
KF4,0.31720695577501073
PL_AAIndex1_508,0.31720695577501073
PL_AAIndex1_445,0.31720695577501073
PL_AAIndex1_240,0.31720695577501073
PL_AAIndex1_452,0.31719622155431515
PL_CTDD_15,0.3171854873336196
PL_AAIndex1_102,0.31717475311292403
PL_AAIndex1_244,0.3157685702018034
PL_CTDT_36,0.3157578359811078
PL_AAIndex1_241,0.3157471017604122
PL_AAIndex1_10,0.3157363675397166
PL_AAIndex1_208,0.3157363675397166
SVGER8,0.3157363675397166
PL_AAIndex1_386,0.3157148990983255
PL_AAIndex1_466,0.31429798196650915
PP1,0.3142657793044225
PL_AAIndex1_513,0.3142657793044225
VSTPV3,0.3142657793044225
PL_AAIndex1_198,0.3142657793044225
PL_AAIndex1_514,0.314255045083727
PL_AAIndex1_448,0.314255045083727
PL_CTDD_155,0.3142550450837269
PL_CTDD_190,0.3142550450837269
PL_CTDD_70,0.3142550450837269
PL_CTDD_40,0.3142550450837269
PL_CTDD_120,0.3142550450837269
PL_AAIndex1_380,0.3142550450837269
PL_CTDD_20,0.3142550450837269
PL_CTDD_165,0.3142550450837269
PL_CTDD_115,0.3142550450837269
PL_CTDD_85,0.3142550450837269
PL_CTDD_95,0.3142550450837269
PL_CTDD_145,0.3142550450837269
PL_CTDD_55,0.3142550450837269
PL_CTDD_5,0.3142550450837269
PL_AAIndex1_34,0.31425504508372687
PL_AAIndex1_467,0.31424431086303134
PL_AAIndex1_224,0.3142443108630313
VSTPV5,0.31423357664233575
PL_AAIndex1_356,0.3142228424216402
PL_AAIndex1_274,0.31422284242164017
PD2,0.312805925289824
PL_AAIndex1_242,0.31279519106912834
PL_AAIndex1_403,0.3127737226277373
PL_AAIndex1_302,0.3127737226277372
PL_AAIndex1_405,0.31276298840704164
PL_AAIndex1_419,0.31276298840704164
PL_AAIndex1_278,0.31136753971661657
PL_AAIndex1_465,0.31136753971661657
PL_AAIndex1_298,0.311356805495921
T4,0.311356805495921
PL_AAIndex1_27,0.3113246028338343
PL_CTDT_10,0.3113246028338343
PL_AAIndex1_447,0.31132460283383423
PL_AAIndex1_29,0.31127093173035636
PL_CTDC_12,0.30989695148132246
PL_AAIndex1_243,0.30988621726062693
PL_AAIndex1_279,0.3098862172606269
PL_AAIndex1_169,0.30986474881923576
PL_AAIndex1_325,0.3098647488192357
MSWHIM1,0.3098432803778446
PL_AAIndex1_56,0.309832546157149
GD.1,0.30981107771575783
PL_AAIndex1_138,0.30838342636324606
PL_CKSAAP_260,0.308383426363246
PL_CKSAAP_343,0.308383426363246
PL_AAIndex1_293,0.308383426363246
PL_AAIndex1_476,0.308383426363246
PL_AAIndex1_91,0.30836195792185483
PL_AAIndex1_122,0.3083512237011593
PL_CKSAAP_342,0.3083512237011593
PL_AAIndex1_342,0.3083512237011593
PL_AAIndex1_420,0.30695577501073423
PL_AAIndex1_183,0.30693430656934306
PL_AAIndex1_488,0.306934306569343
PL_AAIndex1_9,0.306934306569343
PL_AAIndex1_76,0.3069128381279519
D,0.3068913696865607
PL_AAIndex1_147,0.3068913696865607
PL_AAIndex1_404,0.30688063546586514
ProtFP4,0.3068699012451696
PL_CTDT_37,0.305463718334049
PL_AAIndex1_528,0.3054637183340489
PL_AAIndex1_530,0.3054637183340489
VHSE4,0.3054637183340489
PL_AAIndex1_146,0.3054529841133533
BLOSUM1,0.3054422498926578
PL_AAIndex1_527,0.3054422498926578
BLOSUM2,0.3054315156719622
PL_CKSAAP_163,0.30542078145126667
PL_AAIndex1_163,0.3054207814512666
PL_CTDC_30,0.3040360669815372
PL_AAIndex1_99,0.30398239587805925
PL_AAIndex1_421,0.30397166165736367
PL_AAIndex1_2,0.30397166165736367
PL_AAIndex1_486,0.30397166165736367
PL_AAIndex1_210,0.30397166165736367
PL_AAIndex1_38,0.30396092743666814
PL_AAIndex1_12,0.3039609274366681
PL_AAIndex1_217,0.3039394589952769
PL_AAIndex1_213,0.3025225418634607
PL_AAIndex1_353,0.30252254186346067
PL_CTDD_90,0.30251180764276514
PL_AAIndex1_412,0.30251180764276514
PRIN1,0.3025118076427651
PL_AAIndex1_449,0.30250107342206956
VHSE1,0.30250107342206956
MSWHIM2,0.30249033920137397
PL_AAIndex1_68,0.30249033920137397
PL_AAIndex1_168,0.3024903392013739
PL_AAIndex1_19,0.3024796049806784
PL_PAAC_13,0.30246887075998286
PL_CKSAAP_329,0.30245813653928727
DD.1,0.3024581365392872
PL_AAIndex1_393,0.3010734220695578
PL_AAIndex1_320,0.30106268784886214
H.1,0.3010412194074711
PL_AAIndex1_87,0.3010412194074711
E2,0.30104121940747103
PL_AAIndex1_186,0.301041219407471
PL_CKSAAP_194,0.30103048518677544
PL_AAIndex1_40,0.30103048518677544
PL_AAIndex1_526,0.30103048518677544
PL_AAIndex1_433,0.30103048518677544
VHSE7,0.30103048518677544
PL_AAIndex1_301,0.30101975096607986
SVGER5,0.30101975096607986
PL_AAIndex1_343,0.30101975096607986
PL_AAIndex1_225,0.30101975096607986
PL_AAIndex1_166,0.3010197509660798
PL_CKSAAP_47,0.30100901674538433
PL_APAAC_13,0.30099828252468874
PL_AAIndex1_454,0.3009982825246887
PL_CTDT_30,0.29961356805495926
PL_CKSAAP_110,0.29960283383426356
PL_AAIndex1_333,0.29958136539287245
PL_CKSAAP_307,0.29958136539287245
PL_AAIndex1_167,0.2995706311721769
PL_CTDC_3,0.29957063117217686
PL_CTDC_11,0.29957063117217686
PL_AAIndex1_277,0.29957063117217686
PL_AAIndex1_450,0.29957063117217686
PL_CKSAAP_353,0.29955989695148133
PL_AAIndex1_197,0.29955989695148133
PL_AAIndex1_484,0.29955989695148133
PL_AAIndex1_501,0.29955989695148133
PL_AAIndex1_438,0.29954916273078575
PL_AAIndex1_57,0.2995491627307857
PL_CKSAAP_153,0.299516960068699
PL_AAIndex1_309,0.299516960068699
GS.1,0.2995062258480034
PL_CTDT_16,0.2981322455989695
PL_CKSAAP_60,0.2981215113782739
PL_AAIndex1_112,0.2981215113782739
PL_CKSAAP_77,0.2981107771575784
PL_AAIndex1_509,0.29811077715757833
ProtFP1,0.2980893087161872
PL_AAIndex1_182,0.2980893087161872
PL_AAIndex1_416,0.2980893087161872
PL_AAIndex1_214,0.29808930871618716
PL_AAIndex1_275,0.29807857449549163
PL_CKSAAP_182,0.29805710605410046
VHSE6,0.2966616573636754
PL_CKSAAP_283,0.2966509231429798
PL_AAIndex1_479,0.2966294547015887
PL_AAIndex1_55,0.2966294547015887
VHSE5,0.29662945470158864
PL_AAIndex1_73,0.2966187204808931
PL_AAIndex1_339,0.2966079862601975
PL_CKSAAP_57,0.29660798626019746
PL_CTDT_5,0.29660798626019746
Turn,0.29519106912838133
GG.1,0.2951910691283813
PL_APAAC_14,0.29516960068699016
PL_AAIndex1_253,0.2951696006869901
PL_AAIndex1_502,0.2951696006869901
PL_AAIndex1_125,0.2951696006869901
PL_AAIndex1_160,0.2951696006869901
PL_AAIndex1_246,0.2951588664662945
PL_AAIndex1_231,0.295148132245599
PL_CKSAAP_322,0.295148132245599
PL_AAIndex1_230,0.295148132245599
PL_AAIndex1_396,0.2951373980249034
ProtFP5,0.2951373980249034
PL_AAIndex1_11,0.29513739802490335
DG.1,0.29513739802490335
PL_CKSAAP_372,0.29508372692142554
PL_CKSAAP_76,0.29507299270072995
PL_QSO_SW_9,0.29373121511378275
PL_AAIndex1_406,0.29372048089308717
PL_CTDC_8,0.2937097466723916
PL_AAIndex1_179,0.2937097466723916
PL_AAIndex1_173,0.2937097466723916
PL_AAIndex1_75,0.2937097466723916
PL_AAIndex1_180,0.293699012451696
V,0.293699012451696
PL_CTDD_151,0.29368827823100047
PL_AAIndex1_3,0.2936882782310004
VHSE2,0.2936882782310004
E1,0.2936775440103049
PL_AAIndex1_177,0.2936775440103049
PL_APAAC_2,0.2936775440103049
PL_PAAC_2,0.2936668097896093
PL_CKSAAP_143,0.2936668097896093
PL_CKSAAP_67,0.29366680978960924
PL_CKSAAP_368,0.29366680978960924
PL_CTDC_4,0.2922606268784886
PL_AAIndex1_199,0.2922498926577931
PL_AAIndex1_361,0.29224989265779305
PL_CKSAAP_116,0.2922284242164019
PL_AAIndex1_137,0.2922284242164019
PL_AAIndex1_54,0.2922284242164019
PL_AAIndex1_519,0.2922284242164019
Z2,0.2922176899957063
SVGER4,0.2922176899957063
PL_CKSAAP_74,0.2922176899957063
PL_AAIndex1_401,0.2921962215543151
PL_CKSAAP_79,0.2921854873336196
E5,0.2921854873336196
Z1,0.29076857020180336
PL_PAAC_14,0.29076857020180336
PL_AAIndex1_494,0.29076857020180336
PL_AAIndex1_518,0.29076857020180336
F1,0.2907578359811077
PL_AAIndex1_178,0.29073636753971666
PL_CTD_245,0.29073636753971666
PL_AAIndex1_389,0.2907363675397166
PL_CKSAAP_242,0.2907148990983255
PL_QSO_SW_2,0.2907041648776299
PL_CKSAAP_107,0.2907041648776299
SVGER6,0.28933018462859594
PL_CTDC_14,0.28930871618720483
PL_CTDC_24,0.28930871618720483
PL_CTDC_0,0.2893087161872048
PL_CTDC_17,0.28929798196650924
PL_AAIndex1_35,0.28929798196650924
PL_CKSAAP_148,0.2892979819665092
PL_AAIndex1_457,0.2892979819665092
PL_AAIndex1_478,0.28928724774581366
PL_AAIndex1_383,0.28928724774581366
PL_AAIndex1_220,0.28928724774581366
PL_CTDC_34,0.2892872477458136
PL_CTDD_150,0.2892765135251181
ProtFP2,0.2892765135251181
PL_CKSAAP_49,0.2892765135251181
PL_AAIndex1_223,0.2892765135251181
PL_AAIndex1_297,0.2892765135251181
PL_AAIndex1_522,0.289276513525118
PL_APAAC_6,0.28926577930442254
PL_AAIndex1_124,0.2892657793044225
PL_CKSAAP_40,0.2892550450837269
PL_PAAC_6,0.2892443108630314
PL_CTDC_33,0.2892443108630314
PL_CKSAAP_69,0.2892335766423358
PL_CKSAAP_183,0.2892335766423358
KF8,0.287881064834693
PL_CKSAAP_160,0.28787033061399747
PL_AAIndex1_379,0.28785959639330183
PL_AAIndex1_371,0.28785959639330183
PL_CKSAAP_7,0.2878381279519107
PL_CKSAAP_287,0.28783812795191066
PL_CTD_7,0.28782739373121513
PL_CKSAAP_396,0.28782739373121513
PL_AAIndex1_370,0.2878166595105195
PL_AAIndex1_304,0.28780592528982396
PL_CTD_130,0.28780592528982396
PL_AAIndex1_101,0.28780592528982396
PL_CKSAAP_15,0.2877951910691284
PL_PAAC_19,0.2877951910691284
PL_AAIndex1_536,0.2877951910691284
IsoelectricPoint,0.2877844568484328
PL_CKSAAP_56,0.2877844568484328
PL_AAIndex1_96,0.2877844568484328
PL_QSO_SW_18,0.28777372262773715
PL_AAIndex1_307,0.2863890081580077
PL_AAIndex1_472,0.28637827393731213
PL_CKSAAP_168,0.28636753971661666
PL_AAIndex1_485,0.28636753971661655
G.1,0.28636753971661655
PL_AAIndex1_256,0.286356805495921
GGG,0.28634607127522543
PL_PAAC_7,0.2863460712752254
PL_APAAC_7,0.2863460712752254
PL_CKSAAP_52,0.2863460712752254
PL_CTD_249,0.2863460712752254
PL_AAIndex1_218,0.2863460712752254
PL_AAIndex1_185,0.28633533705452985
PL_CKSAAP_165,0.28633533705452985
PL_CKSAAP_196,0.28633533705452985
PL_APAAC_10,0.2863246028338343
PL_APAAC_19,0.28632460283383426
PL_CKSAAP_43,0.2863138686131387
F6,0.2863031343924431
PL_AAIndex1_194,0.28492915414340914
PL_CKSAAP_380,0.2849184199227136
PL_AAIndex1_430,0.284907685702018
PL_AAIndex1_148,0.28489695148132244
PL_CTDT_14,0.28489695148132244
PL_CKSAAP_169,0.2848862172606269
BLOSUM8,0.2848862172606269
PL_AAIndex1_482,0.2848862172606269
PL_QSO_SW_16,0.28488621726062685
PL_CKSAAP_305,0.28487548303993127
PL_CKSAAP_288,0.28487548303993127
PL_AAIndex1_184,0.28486474881923574
PL_AAIndex1_276,0.28486474881923574
PL_APAAC_8,0.28486474881923574
PL_AAIndex1_520,0.2848647488192357
PL_AAIndex1_523,0.2848647488192357
PL_SOCN_SW_2,0.2848540145985402
PL_CKSAAP_102,0.28485401459854015
PL_CTD_109,0.28485401459854015
PL_CKSAAP_13,0.2848218119364534
PL_CKSAAP_333,0.2848218119364534
PL_AAIndex1_190,0.2834263632460283
PL_CKSAAP_8,0.28341562902533274
PL_AAIndex1_524,0.28340489480463715
PL_CKSAAP_140,0.28340489480463715
PL_PAAC_12,0.2833941605839416
PL_APAAC_12,0.2833941605839416
PL_PAAC_8,0.2833941605839416
PL_CTDT_25,0.28339416058394157
PL_CKSAAP_152,0.28339416058394157
PL_CKSAAP_42,0.28339416058394157
PL_SOCN_SW_1,0.28338342636324604
PL_AAIndex1_443,0.28338342636324604
PL_AAIndex1_364,0.28338342636324604
PL_AAIndex1_517,0.28338342636324604
PL_CKSAAP_145,0.28338342636324604
PL_CTD_138,0.28334048948046375
PL_AAIndex1_72,0.2820416487762988
K,0.2820094461142121
PL_CTDT_38,0.2819879776728209
PL_CTDT_15,0.2819772434521254
PL_AAIndex1_53,0.2819772434521254
PL_CTD_278,0.2819665092314298
PL_AAIndex1_521,0.2819557750107342
ST4,0.2819557750107342
PL_AAIndex1_45,0.2819557750107342
PL_CKSAAP_154,0.2819557750107342
PL_CKSAAP_108,0.2819557750107342
PL_CKSAAP_208,0.2819450407900387
PL_AAIndex1_542,0.2819450407900387
ST5,0.2819450407900386
PL_AAIndex1_80,0.2819450407900386
PL_AAIndex1_390,0.2819450407900386
PL_AAIndex1_191,0.2819450407900386
PL_AAIndex1_525,0.28193430656934304
PL_APAAC_0,0.2819235723486475
PL_SOCN_SW_0,0.2819235723486475
PL_AAIndex1_299,0.28192357234864746
PL_PAAC_0,0.28192357234864746
PL_PAAC_10,0.2819235723486474
PL_CKSAAP_177,0.28190210390725634
PL_CTD_115,0.28188063546586517
MSWHIM3,0.28050665521683127
PL_CKSAAP_178,0.28050665521683127
PL_CKSAAP_65,0.2805066552168312
PL_CKSAAP_83,0.2805066552168312
PL_CTD_102,0.2804959209961357
PL_AAIndex1_192,0.2804959209961357
PL_AAIndex1_314,0.2804851867754401
PL_CKSAAP_64,0.28047445255474457
PL_AAIndex1_477,0.2804744525547445
PL_CKSAAP_268,0.2804744525547445
BLOSUM5,0.28046371833404893
PL_CTD_269,0.28046371833404893
PL_CTD_284,0.28046371833404893
PL_CTDD_146,0.28046371833404893
PL_CKSAAP_397,0.28046371833404893
PL_CKSAAP_265,0.28046371833404893
PL_CKSAAP_289,0.28046371833404893
PL_CTDD_116,0.28046371833404893
PL_AAIndex1_365,0.28045298411335334
PL_AAIndex1_162,0.28045298411335334
PL_CKSAAP_267,0.28045298411335334
PL_CKSAAP_243,0.28045298411335334
PL_ATC_bonds_1,0.2804529841133533
PL_ATC_bonds_0,0.2804529841133533
PL_APAAC_3,0.2804422498926578
PL_PAAC_3,0.2804422498926578
PL_CKSAAP_44,0.28044224989265776
Z4,0.28043151567196223
PL_CKSAAP_9,0.2804100472305711
PL_PAAC_15,0.280410047230571
PL_AAIndex1_39,0.27903606698153716
PL_CKSAAP_332,0.27902533276084157
PL_AAIndex1_239,0.2790253327608415
PL_CTD_262,0.279014598540146
PL_QSO_SW_15,0.27900386431945046
PL_AAIndex1_37,0.27900386431945046
PL_CKSAAP_214,0.27900386431945046
PL_CTD_197,0.2790038643194504
PL_AAIndex1_351,0.2790038643194504
PL_CKSAAP_297,0.2790038643194504
PL_AAIndex1_418,0.2790038643194504
PL_AAIndex1_238,0.2790038643194504
PL_CKSAAP_117,0.2790038643194504
PL_AAIndex1_181,0.2789931300987548
PL_AAIndex1_552,0.2789931300987548
Flexibility,0.2789931300987548
PL_AAIndex1_172,0.2789931300987548
PL_ATC_bonds_2,0.2789931300987548
MolecularWeight,0.2789823958780592
PL_CTDD_134,0.2789823958780592
PL_AAIndex1_83,0.2789716616573637
PL_CKSAAP_186,0.2789609274366681
PL_CKSAAP_2,0.2789609274366681
ProtFP6,0.2789501932159725
PL_APAAC_15,0.2789501932159725
PL_CKSAAP_309,0.2789179905538858
PL_CKSAAP_73,0.27757621296693863
PL_CKSAAP_382,0.2775762129669386
PL_AAIndex1_245,0.2775762129669386
PL_AAIndex1_287,0.27756547874624304
PL_CKSAAP_170,0.27755474452554746
PL_CTD_66,0.27755474452554746
PL_CTD_30,0.2775547445255474
PL_CTD_280,0.2775440103048519
PL_AAIndex1_283,0.2775440103048519
PL_AAIndex1_120,0.2775440103048519
PL_AAIndex1_392,0.2775440103048518
PL_CKSAAP_109,0.27753327608415634
PL_CKSAAP_256,0.2775332760841563
PL_AAIndex1_44,0.2775332760841563
PL_AAIndex1_492,0.2775332760841563
PL_AAIndex1_193,0.2775332760841563
PL_AAIndex1_95,0.2775332760841563
PL_AAIndex1_424,0.2775332760841563
PL_AAIndex1_151,0.2775332760841563
PL_CKSAAP_292,0.2775332760841563
PL_AAIndex1_107,0.2775225418634607
PL_CKSAAP_320,0.2775225418634607
PL_CKSAAP_142,0.2775225418634607
GGS,0.2775225418634607
PL_Entropy_0,0.2775118076427651
PL_CKSAAP_336,0.27751180764276506
PL_AAIndex1_145,0.27750107342206953
PL_AAIndex1_417,0.27750107342206953
PL_CKSAAP_70,0.277490339201374
PL_CTD_285,0.277490339201374
PL_CKSAAP_308,0.27611635895234005
PL_CKSAAP_345,0.2761056247316445
PL_CTD_234,0.27608415629025335
PL_CKSAAP_162,0.2760841562902533
PL_AAIndex1_221,0.2760841562902533
SV4,0.27607342206955776
PL_CKSAAP_220,0.27607342206955776
PL_CTDD_65,0.27607342206955776
PL_AAIndex1_196,0.2760734220695577
PL_CKSAAP_354,0.2760626878488622
PL_QSO_SW_4,0.2760626878488622
PL_PAAC_9,0.2760626878488622
PL_AAIndex1_499,0.2760626878488622
PL_CTDT_2,0.2760519536281666
PL_CKSAAP_282,0.2760519536281666
PL_CKSAAP_104,0.2760519536281666
PL_CTD_1,0.276041219407471
PL_CTD_117,0.276041219407471
PL_CKSAAP_205,0.2760304851867754
PL_CTD_82,0.2760304851867754
PL_AAIndex1_215,0.2760304851867754
PL_CKSAAP_337,0.2760304851867754
PL_CKSAAP_232,0.2760197509660799
PL_CTD_227,0.2746565049377415
PL_CTDT_33,0.27464577071704593
PL_CTD_165,0.27463503649635035
PL_CKSAAP_341,0.27463503649635035
PL_CTDT_26,0.27463503649635035
PL_AAIndex1_300,0.27463503649635035
PL_CKSAAP_111,0.2746243022756548
PL_CTD_19,0.2746243022756548
PL_CTD_65,0.2746135680549592
PL_CTDD_79,0.2746135680549592
PL_CTDD_189,0.2746135680549592
PL_CKSAAP_172,0.2746135680549592
PL_APAAC_9,0.2746028338342636
PL_APAAC_4,0.27460283383426354
PL_PAAC_4,0.27460283383426354
PRIN2,0.27459209961356806
PL_CKSAAP_62,0.27459209961356806
PL_CKSAAP_156,0.27459209961356806
PL_CKSAAP_335,0.27459209961356806
PL_AAIndex1_211,0.27459209961356806
PL_APAAC_16,0.27457063117217684
PL_CKSAAP_325,0.27457063117217684
PL_CKSAAP_383,0.2745598969514813
PL_CKSAAP_202,0.2745598969514813
PL_CKSAAP_27,0.2745276942893946
PL_AAIndex1_462,0.2731751824817518
PL_CKSAAP_203,0.27316444826105624
PL_AAIndex1_13,0.27316444826105624
PL_CTDD_141,0.27316444826105624
PL_AAIndex1_327,0.27316444826105624
PL_CKSAAP_216,0.2731429798196651
PL_CTD_177,0.27314297981966507
PL_AAIndex1_60,0.27314297981966507
PL_AAIndex1_6,0.27314297981966507
PL_CKSAAP_5,0.27314297981966507
PL_CTD_208,0.27314297981966507
PL_CKSAAP_247,0.27313224559896954
PL_CTD_74,0.27313224559896954
PL_AAIndex1_357,0.2731322455989695
PL_CKSAAP_355,0.2731322455989695
PL_CKSAAP_175,0.2731322455989695
PL_AAIndex1_323,0.27312151137827395
PL_CKSAAP_80,0.27312151137827395
PL_CKSAAP_113,0.27311077715757837
PL_CTDT_31,0.27311077715757837
PL_CKSAAP_16,0.27311077715757837
PL_CKSAAP_375,0.27311077715757837
PL_CKSAAP_348,0.27311077715757837
PL_CTD_85,0.27311077715757837
PL_CKSAAP_112,0.2731000429368827
PL_CTD_170,0.273067840274796
PL_CKSAAP_17,0.2717045942464577
PL_CKSAAP_269,0.2716938600257621
Q,0.2716938600257621
PL_CTD_222,0.2716831258050666
PL_CKSAAP_174,0.27168312580506654
SVGER10,0.27168312580506654
SVGER9,0.27168312580506654
PL_CKSAAP_291,0.27168312580506654
PL_CTD_172,0.27168312580506654
PL_AAIndex1_5,0.27167239158437095
PL_CKSAAP_66,0.27167239158437095
PL_CTD_264,0.2716616573636754
PL_CKSAAP_245,0.2716616573636754
PL_AAIndex1_174,0.2716616573636753
PL_CKSAAP_54,0.27165092314297984
PL_CKSAAP_254,0.27165092314297984
PL_SOCN_Grantham_2,0.27165092314297984
PL_PAAC_5,0.27165092314297984
PL_CKSAAP_285,0.2716509231429798
PL_CKSAAP_101,0.27164018892228425
PL_CKSAAP_257,0.27164018892228425
PL_AAIndex1_257,0.2716294547015886
PL_AAIndex1_1,0.2716187204808931
PL_CKSAAP_192,0.27161872048089303
PL_CKSAAP_46,0.2716079862601975
PL_CTD_23,0.2715972520395019
PL_AAIndex1_487,0.2702554744525547
PL_CTDT_21,0.2702340060111636
PL_CKSAAP_114,0.270223271790468
PL_CTDD_64,0.2702125375697725
PL_CKSAAP_393,0.2702125375697724
PL_CTDD_34,0.2702125375697724
PL_CKSAAP_357,0.27020180334907684
PL_CKSAAP_255,0.27020180334907684
PL_CKSAAP_362,0.27020180334907684
PL_AAIndex1_336,0.27020180334907684
PL_APAAC_18,0.27019106912838126
PL_AAIndex1_142,0.2701803349076857
PL_APAAC_5,0.2701803349076857
PL_AAIndex1_77,0.2701803349076857
PL_CKSAAP_323,0.2701803349076857
PL_CTD_187,0.2701803349076857
PL_AAIndex1_425,0.2701803349076857
PL_APAAC_17,0.27018033490768567
PL_AAIndex1_543,0.27018033490768567
PL_CKSAAP_249,0.27016960068699014
PL_AAIndex1_219,0.27016960068699014
PL_SOCN_Grantham_1,0.27016960068699014
PL_AAIndex1_206,0.27015886646629456
PL_CKSAAP_120,0.2701588664662945
PL_AAIndex1_131,0.27014813224559897
PL_CTDT_11,0.2701481322455989
PL_CKSAAP_303,0.2701481322455989
PL_AAIndex1_321,0.2701266638042078
PL_AAIndex1_322,0.2701266638042078
PL_CTD_14,0.2687634177758695
PL_AAIndex1_52,0.2687634177758695
BLOSUM4,0.2687634177758695
PL_CTD_89,0.2687419493344783
PL_CKSAAP_293,0.2687419493344783
PL_CTDC_2,0.2687419493344783
PL_CTD_77,0.2687419493344783
PL_CTD_283,0.26873121511378273
PL_AAIndex1_164,0.26873121511378273
SVGER3,0.26872048089308714
FGG,0.26872048089308714
PL_CTDD_119,0.2687097466723916
PL_CTD_164,0.2687097466723916
PL_CTDD_149,0.2687097466723916
PL_AAIndex1_294,0.26870974667239156
PL_PAAC_17,0.26870974667239156
PL_CTD_38,0.26869901245169603
VSTPV2,0.26869901245169603
PL_CKSAAP_316,0.26869901245169603
PL_CKSAAP_385,0.26869901245169603
PL_AAIndex1_222,0.2686882782310004
PL_PAAC_16,0.2686882782310004
PL_CKSAAP_388,0.26867754401030486
PL_CTD_124,0.2686668097896093
PL_CKSAAP_14,0.26729282954057537
PL_CTD_224,0.26729282954057537
PL_CTD_156,0.2672928295405753
PL_CKSAAP_93,0.2672820953198798
PL_AAIndex1_43,0.2672820953198798
PL_AAIndex1_105,0.2672820953198798
PL_CTD_161,0.2672713610991842
PL_CKSAAP_82,0.2672713610991842
PL_CKSAAP_96,0.2672606268784886
PL_CKSAAP_55,0.2672606268784886
PL_CTD_60,0.26724989265779303
PL_CTD_79,0.26724989265779303
PL_CKSAAP_3,0.26724989265779303
PL_CKSAAP_262,0.26724989265779303
PL_QSO_SW_7,0.26724989265779303
PL_AAIndex1_258,0.2672391584370975
PL_CTD_255,0.2672391584370975
PP3,0.2672391584370975
PL_AAIndex1_288,0.2672391584370975
PL_CKSAAP_185,0.2672391584370975
PL_CKSAAP_279,0.2672391584370975
PL_AAIndex1_535,0.26723915843709745
PL_CTD_108,0.2672284242164019
PL_CKSAAP_100,0.2672284242164019
PL_CKSAAP_63,0.26722842421640186
PL_SOCN_Grantham_0,0.26722842421640186
PL_AAIndex1_296,0.26721768999570633
DS.1,0.2672176899957063
PL_CKSAAP_379,0.2672176899957063
PL_CKSAAP_277,0.2672176899957063
PL_CKSAAP_318,0.2672069557750107
SG.1,0.26719622155431516
PL_CTD_4,0.26719622155431516
PL_CKSAAP_115,0.267174753112924
PL_CKSAAP_284,0.26585444396736796
PL_AAIndex1_64,0.2658544439673679
PL_CKSAAP_48,0.2658222413052812
PL_CTD_61,0.2658115070845857
PL_CTD_158,0.2658115070845857
PL_CTDD_111,0.2658115070845856
PL_AAIndex1_347,0.2658007728638901
PL_CTD_120,0.2657900386431945
PL_CKSAAP_167,0.2657900386431945
PL_CKSAAP_317,0.2657793044224989
PL_APAAC_1,0.2657793044224989
PL_CKSAAP_188,0.2657793044224989
PL_CTD_281,0.2657793044224989
PL_CTDC_18,0.2657793044224989
PL_CKSAAP_105,0.26577930442249886
PL_CKSAAP_176,0.26577930442249886
PL_CKSAAP_164,0.26577930442249886
PL_CTD_220,0.26577930442249886
PL_AAIndex1_289,0.2657685702018034
PL_CKSAAP_149,0.26576857020180333
PL_CTDD_1,0.26576857020180333
PL_CKSAAP_137,0.26576857020180333
PL_CTDC_5,0.26575783598110775
PL_CTD_134,0.26573636753971663
PL_CKSAAP_10,0.2657363675397166
Helix,0.26571489909832546
PL_CTDD_180,0.26438385573207385
PL_CTDD_80,0.26437312151137826
PL_CKSAAP_274,0.2643623872906827
PL_CKSAAP_132,0.26434091884929156
PL_CKSAAP_193,0.26434091884929156
GH.1,0.26434091884929156
PL_CKSAAP_392,0.2643409188492915
PL_AAIndex1_545,0.2643409188492915
PL_CTD_253,0.264330184628596
GGF,0.264330184628596
PL_AAIndex1_311,0.264330184628596
PL_CTD_86,0.264330184628596
PL_CKSAAP_295,0.264330184628596
PL_CKSAAP_151,0.2643194504079004
PL_CTDD_110,0.2643194504079004
PL_PAAC_18,0.2643194504079004
PL_AAIndex1_28,0.2643194504079004
PL_AAIndex1_195,0.2643194504079004
PL_CKSAAP_72,0.2643194504079004
PL_AAIndex1_254,0.2643194504079004
PL_CKSAAP_155,0.2643087161872048
PL_CTD_168,0.2643087161872048
PL_PAAC_1,0.26430871618720475
PL_CTDT_9,0.2642979819665093
PL_CKSAAP_11,0.2642979819665092
PL_CTDD_132,0.2642979819665092
PL_CKSAAP_222,0.2642979819665092
PL_CTDD_60,0.2642979819665092
PL_CTD_123,0.26427651352511805
PL_CKSAAP_280,0.26427651352511805
PL_AAIndex1_480,0.26426577930442247
L,0.2629347359381709
PL_CTD_49,0.26290253327608415
PL_AAIndex1_411,0.26290253327608415
PL_AAIndex1_284,0.26290253327608415
PL_CKSAAP_230,0.26289179905538856
PL_CTD_21,0.26288106483469303
PL_AAIndex1_226,0.262881064834693
PL_CKSAAP_328,0.262881064834693
PL_CKSAAP_12,0.26287033061399745
PL_CTD_271,0.26287033061399745
PL_CKSAAP_227,0.2628703306139974
PL_CKSAAP_45,0.2628703306139974
PL_AAIndex1_374,0.2628703306139974
PL_CTDD_49,0.26287033061399734
PL_CTDD_152,0.26285959639330186
PL_AAIndex1_161,0.26285959639330186
PL_CKSAAP_273,0.26285959639330186
PL_CKSAAP_261,0.26285959639330186
PL_CTD_151,0.26285959639330186
PL_CKSAAP_376,0.26285959639330186
PL_CTD_183,0.26285959639330186
PL_AAIndex1_7,0.26285959639330186
GDG,0.2628488621726063
PL_AAIndex1_104,0.2628488621726063
PL_CTDC_20,0.2628488621726063
PL_CTD_229,0.2628488621726063
PL_CKSAAP_150,0.26283812795191064
PL_AAIndex1_397,0.26283812795191064
PL_CTD_3,0.2628273937312151
PL_CKSAAP_225,0.2628273937312151
PL_CTD_217,0.2628273937312151
ProtFP7,0.26282739373121505
PL_CKSAAP_19,0.26282739373121505
PL_CKSAAP_326,0.2628166595105196
PL_AAIndex1_468,0.26281665951051947
PL_AAIndex1_228,0.262805925289824
PL_CTD_17,0.26280592528982394
PL_AAIndex1_59,0.2627951910691284
PL_AAIndex1_291,0.2614534134821812
PL_CKSAAP_88,0.2614426792614856
PL_CTDD_6,0.26143194504079004
PL_CTDD_19,0.26142121082009445
PL_AAIndex1_237,0.26141047659939887
PL_CKSAAP_68,0.26141047659939887
PL_AAIndex1_350,0.26141047659939887
PL_CTD_0,0.26141047659939887
PL_CTD_154,0.26139974237870334
PL_CTD_295,0.26139974237870334
PL_CTD_274,0.2613997423787033
PL_CTD_40,0.2613997423787033
PL_CTD_232,0.2613997423787033
PL_CKSAAP_248,0.2613997423787033
PL_CKSAAP_200,0.26138900815800775
PL_CTD_159,0.26138900815800775
PL_CTDC_1,0.26138900815800775
PL_CTD_221,0.26138900815800775
PL_CKSAAP_263,0.26138900815800775
PL_AAIndex1_335,0.26137827393731217
PL_CTD_257,0.26137827393731217
PL_CKSAAP_240,0.26137827393731217
PL_CKSAAP_331,0.2613675397166166
PL_APAAC_11,0.2613675397166166
PL_CTD_201,0.2613675397166166
PL_CTD_64,0.2613675397166166
PL_AAIndex1_413,0.2613675397166166
PL_CKSAAP_300,0.2613675397166166
PL_CTD_39,0.2613675397166165
PL_CKSAAP_125,0.2613675397166165
PL_CKSAAP_26,0.2613675397166165
PL_CKSAAP_370,0.2613675397166165
PL_CTDD_176,0.2613675397166165
SVGER2,0.2613675397166165
PL_CTDT_3,0.261356805495921
PL_CTD_88,0.261356805495921
GSG,0.2613460712752254
PL_AAIndex1_252,0.2613460712752254
PL_CTD_270,0.2613460712752254
PL_AAIndex1_159,0.2613460712752254
PL_CKSAAP_351,0.2613460712752254
PL_CTD_28,0.2613353370545298
PL_CTD_184,0.2613353370545298
PL_CKSAAP_233,0.2613353370545298
PL_CKSAAP_195,0.2613138686131387
PL_CTD_163,0.2600150279089738
PL_CTD_135,0.2599828252468871
PL_CKSAAP_275,0.25998282524688704
PL_CKSAAP_234,0.2599613568054959
PL_AAIndex1_290,0.2599506225848004
PL_CKSAAP_352,0.25995062258480034
PL_CTD_231,0.25993988836410475
PL_CTD_33,0.25993988836410475
PL_CTD_51,0.25993988836410475
PL_AAIndex1_439,0.25992915414340917
PL_AAIndex1_340,0.25992915414340917
PL_CKSAAP_349,0.25991841992271364
PL_CKSAAP_327,0.25991841992271364
PL_CKSAAP_71,0.25991841992271364
PL_AAIndex1_46,0.25991841992271364
PL_CKSAAP_270,0.2599184199227136
PL_AAIndex1_541,0.2599184199227136
PL_CKSAAP_324,0.25990768570201805
PL_CKSAAP_136,0.25990768570201805
PL_QSO_SW_20,0.25990768570201805
PL_CTD_273,0.25990768570201805
PL_CKSAAP_122,0.2598969514813224
PL_CKSAAP_264,0.2598969514813224
PL_CKSAAP_237,0.2598969514813224
PL_AAIndex1_202,0.2598969514813224
PL_CKSAAP_252,0.2598969514813224
PL_CTDD_28,0.25988621726062694
PL_AAIndex1_373,0.2598862172606269
PL_CKSAAP_314,0.25988621726062683
PL_CTD_157,0.25988621726062683
SVGER7,0.2598754830399313
PL_CTD_137,0.2598647488192357
PL_QSO_SW_0,0.2598647488192357
PL_CTD_127,0.2598647488192357
PL_CKSAAP_346,0.2598647488192357
PL_CTDD_35,0.2584907685702018
PL_QSO_SW_19,0.2584800343495062
PL_QSO_SW_8,0.2584800343495062
PL_AAIndex1_106,0.25846930012881064
PL_CTD_32,0.25846930012881064
PL_CTD_199,0.25846930012881064
PL_CKSAAP_53,0.25846930012881064
PL_CKSAAP_190,0.25846930012881064
Z5,0.25846930012881064
PL_CKSAAP_294,0.25846930012881064
PL_CKSAAP_272,0.25846930012881064
PL_CKSAAP_253,0.2584585659081151
PL_CTDD_140,0.25845856590811506
PL_AAIndex1_117,0.25845856590811506
PL_CTD_103,0.25845856590811506
PL_AAIndex1_345,0.25845856590811506
PL_CTDD_161,0.25845856590811506
VHSE8,0.25845856590811506
PL_CKSAAP_390,0.2584478316874195
PL_CTD_189,0.2584478316874195
PL_CKSAAP_173,0.2584478316874195
PL_CTDD_51,0.25844783168741947
PL_CTD_15,0.25843709746672394
PL_CKSAAP_223,0.25843709746672394
PL_AAIndex1_497,0.2584263632460283
PL_AAIndex1_546,0.2584263632460283
PL_AAIndex1_534,0.2584263632460283
PL_CKSAAP_278,0.2584156290253327
PL_CTD_256,0.2584156290253327
PL_CTD_25,0.2584156290253327
PL_AAIndex1_400,0.2584156290253327
PL_AAIndex1_170,0.25840489480463724
PL_CTDD_22,0.25840489480463724
PL_CKSAAP_391,0.2584048948046372
PL_CKSAAP_259,0.2583941605839416
PL_CKSAAP_296,0.2583941605839416
PL_CTDD_47,0.258383426363246
PL_CKSAAP_130,0.2570094461142121
PL_CKSAAP_387,0.25699871189351653
PL_AAIndex1_346,0.25699871189351653
PL_CKSAAP_299,0.256987977672821
PL_CKSAAP_334,0.25698797767282094
PL_CTDT_6,0.25698797767282094
FG.1,0.2569772434521254
PL_AAIndex1_165,0.2569772434521254
PL_CKSAAP_6,0.25697724345212536
KF2,0.25697724345212536
PL_CTD_282,0.25697724345212536
PL_AAIndex1_537,0.25696650923142983
HG.1,0.25696650923142983
PL_CKSAAP_356,0.25696650923142983
PL_CKSAAP_213,0.25695577501073424
PL_CTD_119,0.2569557750107342
PL_AAIndex1_47,0.2569557750107342
SS.1,0.2569557750107342
PL_PAAC_11,0.2569557750107342
PL_CTDT_34,0.2569557750107342
PL_CKSAAP_75,0.25694504079003866
PL_CKSAAP_378,0.2569450407900386
PL_CTD_11,0.2569450407900386
PL_CTD_18,0.2568913696865608
PL_AAIndex1_310,0.255538857878918
PL_AAIndex1_103,0.255538857878918
PL_CKSAAP_179,0.25553885787891795
PL_CKSAAP_206,0.2555281236582224
PL_AAIndex1_98,0.2555281236582224
PL_AAIndex1_272,0.2555281236582224
PL_CTD_228,0.2555281236582224
PL_CTD_152,0.2555281236582224
PL_CKSAAP_99,0.2555281236582224
PL_CKSAAP_119,0.25550665521683125
PL_CTD_53,0.25550665521683125
PL_CTD_101,0.2554959209961357
PL_AAIndex1_331,0.2554959209961357
GGD,0.2554959209961357
PL_AAIndex1_544,0.2554959209961357
SVGER1,0.2554959209961357
PL_CTDD_169,0.2554959209961357
PL_AAIndex1_81,0.2554959209961357
PL_CKSAAP_0,0.2554959209961357
PL_AAIndex1_495,0.25549592099613566
PL_CKSAAP_127,0.2554851867754401
PL_CTDT_35,0.2554851867754401
PL_AAIndex1_97,0.2554744525547445
PL_CKSAAP_106,0.25546371833404896
PL_AAIndex1_329,0.25546371833404896
PL_AAIndex1_292,0.25410047230571065
PL_AAIndex1_267,0.25410047230571065
PL_CKSAAP_94,0.254089738085015
PL_CTD_98,0.254089738085015
BLOSUM7,0.2540790038643194
PL_CTD_235,0.2540790038643194
PL_CTD_247,0.2540790038643194
PL_CTD_176,0.2540682696436239
PL_CKSAAP_199,0.2540682696436239
PL_CTD_148,0.2540682696436239
PL_CKSAAP_250,0.2540575354229283
PL_CTD_24,0.2540575354229283
PL_CTD_136,0.2540575354229283
PL_AAIndex1_227,0.2540468012022327
PL_CKSAAP_191,0.2540468012022327
PL_CKSAAP_310,0.2540468012022327
PL_AAIndex1_36,0.2540468012022327
PL_AAIndex1_496,0.2540468012022327
PL_MoreauBroto_0,0.25404680120223266
PL_CTD_276,0.25403606698153713
PL_AAIndex1_505,0.25403606698153713
PL_CKSAAP_36,0.25403606698153713
PL_CKSAAP_128,0.25403606698153713
PL_AAIndex1_118,0.25403606698153713
PL_CKSAAP_171,0.2540253327608416
PL_CKSAAP_340,0.2540253327608416
PL_AAIndex1_324,0.2540253327608416
PL_CTDT_7,0.2540253327608416
SGG,0.2540253327608416
PL_AAIndex1_153,0.25401459854014596
PL_CKSAAP_312,0.25401459854014596
PL_CKSAAP_138,0.25400386431945043
PL_AAIndex1_398,0.2540038643194504
PL_CKSAAP_18,0.25399313009875485
PL_AAIndex1_270,0.25399313009875485
PL_CKSAAP_189,0.2539931300987548
PL_AAIndex1_369,0.25398239587805926
PL_CTDT_0,0.2526298840704165
PL_CKSAAP_276,0.2526298840704165
PL_CTD_41,0.2526191498497209
PL_CTD_182,0.2526191498497209
PL_CTD_248,0.2526084156290253
PL_CTDD_23,0.2526084156290253
PL_CTDD_21,0.2525869471876342
PL_CTD_84,0.2525869471876342
PL_CTD_254,0.25257621296693855
PL_CKSAAP_315,0.25257621296693855
PL_CTD_121,0.25257621296693855
PL_AAIndex1_437,0.25257621296693855
KF9,0.252565478746243
PL_CTDD_187,0.252565478746243
PL_CKSAAP_184,0.252565478746243
PL_CKSAAP_180,0.252565478746243
PL_CTDD_77,0.252565478746243
PL_CTD_129,0.2525547445255475
PL_CTD_198,0.25254401030485185
PL_CKSAAP_161,0.25254401030485185
PL_CTD_200,0.25254401030485185
PL_CTD_173,0.25253327608415627
PL_CTDT_1,0.25253327608415627
PL_CTD_16,0.25252254186346074
PL_CTDD_105,0.25117003005581795
InstabilityIndex,0.2511485616144268
PL_CTDD_48,0.2511485616144268
PL_CTDD_133,0.25113782739373125
PL_CTD_289,0.2511378273937312
PL_CTDD_125,0.25112709317303566
PL_AAIndex1_109,0.2511163589523401
PL_CKSAAP_290,0.2511163589523401
PL_CTD_211,0.2511163589523401
PL_AAIndex1_550,0.2511163589523401
PL_CTD_81,0.2511056247316445
SVGER11,0.2511056247316445
PL_CKSAAP_302,0.2510948905109489
PL_CTDD_32,0.2510948905109489
PL_AAIndex1_382,0.2510948905109489
PL_CTDD_57,0.2510948905109489
PL_CTDC_19,0.2510841562902534
HD.1,0.2510841562902534
PL_CKSAAP_229,0.2510841562902534
PL_AAIndex1_500,0.2510841562902533
PL_AAIndex1_362,0.25107342206955774
PL_CKSAAP_219,0.25106268784886215
PL_CTD_302,0.24969944182052384
PL_Geary_6,0.24968870759982825
PL_Moran_6,0.2496779733791327
PL_AAIndex1_441,0.2496779733791327
PL_CTDD_188,0.24967797337913264
PL_CTDD_78,0.24967797337913264
PL_CTD_141,0.24966723915843708
PL_QSO_SW_13,0.24966723915843708
PL_CTD_206,0.2496565049377415
PL_CKSAAP_210,0.2496565049377415
PL_CKSAAP_20,0.24964577071704594
PL_AAIndex1_414,0.24964577071704594
PL_CKSAAP_90,0.24964577071704594
PL_CKSAAP_271,0.24964577071704594
PL_CTD_252,0.24964577071704594
PL_CKSAAP_226,0.24963503649635035
PL_CTD_142,0.24963503649635035
PL_CTD_31,0.24963503649635035
PL_CKSAAP_365,0.24963503649635035
PL_CTD_268,0.24963503649635035
PL_CKSAAP_363,0.24963503649635035
PL_CTDD_46,0.2496243022756548
PL_AAIndex1_58,0.2496243022756548
PL_CKSAAP_28,0.2496243022756548
PL_CTD_67,0.2496243022756548
PL_AAIndex1_0,0.2496243022756548
PL_CKSAAP_286,0.2496243022756548
PL_AAIndex1_232,0.2496243022756548
PL_CTD_288,0.2496243022756548
PL_CKSAAP_124,0.24962430227565474
PL_CTD_299,0.24962430227565474
PL_CTD_213,0.24962430227565474
PL_CTD_215,0.24961356805495924
PL_CKSAAP_51,0.2496135680549592
PL_AAIndex1_176,0.2496135680549592
PL_CKSAAP_91,0.24960283383426365
PL_AAIndex1_328,0.24960283383426365
PL_CKSAAP_319,0.24959209961356804
PL_CTDD_17,0.24959209961356804
PL_CKSAAP_304,0.2495813653928725
PL_AAIndex1_384,0.24958136539287246
PL_CTD_166,0.24958136539287246
PL_CKSAAP_50,0.24957063117217687
PL_CTD_100,0.24957063117217687
PL_CTD_275,0.24957063117217687
PL_CTD_87,0.24954916273078576
PL_CTDD_137,0.24823958780592528
PL_CKSAAP_371,0.24820738514383858
PL_AAIndex1_444,0.24820738514383853
PL_CKSAAP_4,0.24819665092314297
PL_CTDC_29,0.24819665092314294
PL_CTDC_23,0.24819665092314294
PL_AAIndex1_303,0.24818591670244744
PL_AAIndex1_61,0.24818591670244744
PL_AAIndex1_156,0.24818591670244738
PL_CTD_112,0.24818591670244738
PL_CKSAAP_35,0.24818591670244738
PL_CTD_122,0.24817518248175183
PL_CTDD_4,0.24817518248175183
PL_CTD_313,0.24816444826105627
PL_CTDD_69,0.24816444826105624
PL_CTD_186,0.24816444826105624
PL_CTDD_136,0.24816444826105624
PL_CTD_75,0.24815371404036068
PL_AAIndex1_306,0.24815371404036068
EE,0.24815371404036068
PL_AAIndex1_82,0.24815371404036068
PL_Geary_0,0.24815371404036068
PL_Moran_0,0.24815371404036068
PL_AAIndex1_532,0.24815371404036063
PL_QSO_Grantham_22,0.24815371404036063
PL_CTD_190,0.2481429798196651
PL_CTD_219,0.2481429798196651
PL_CKSAAP_215,0.2481429798196651
PL_CTD_260,0.24813224559896954
PL_CKSAAP_86,0.2481322455989695
PL_CKSAAP_231,0.2481322455989695
PL_CKSAAP_330,0.2481322455989695
PL_CTD_212,0.24812151137827393
DH.1,0.24811077715757834
PL_CKSAAP_359,0.24811077715757834
PL_CTD_10,0.24676899957063117
PL_CKSAAP_338,0.24674753112924003
PL_CTD_80,0.24672606268784886
PL_CTDD_147,0.24672606268784886
PL_CTDD_117,0.24672606268784886
GF.1,0.24671532846715327
PL_CTD_297,0.24670459424645771
PL_CTD_47,0.24670459424645771
PL_AAIndex1_42,0.24670459424645771
Sheet,0.2467045942464577
PL_AAIndex1_349,0.2467045942464577
PL_CTDC_35,0.2467045942464577
T1,0.24669386002576213
PL_QSO_SW_14,0.24669386002576213
DGG,0.24669386002576213
PL_CTD_26,0.24669386002576213
PL_CTD_2,0.24669386002576207
PL_AAIndex1_352,0.24668312580506657
PL_CTDD_182,0.24668312580506657
PL_PAAC_20,0.24668312580506652
PL_CTD_316,0.246672391584371
PL_CKSAAP_207,0.246672391584371
PL_CKSAAP_61,0.246672391584371
AF4,0.246672391584371
PL_CTD_50,0.246672391584371
PL_CTDC_7,0.246672391584371
PL_CTDD_157,0.24666165736367543
PL_CTD_180,0.24666165736367543
PL_AAIndex1_18,0.24666165736367537
PL_CTD_57,0.24666165736367537
PL_CTD_5,0.24666165736367537
PL_AAIndex1_116,0.2466401889222843
ST8,0.24664018892228423
PL_CKSAAP_306,0.24664018892228423
PL_AAIndex1_201,0.24664018892228418
PL_CTD_179,0.24662945470158865
PL_CTD_35,0.2452876771146415
PL_CTD_204,0.24528767711464144
PL_CTD_236,0.24527694289394592
PL_CTD_233,0.2452662086732503
PL_AAIndex1_175,0.24525547445255474
PL_CTDD_99,0.24525547445255474
PL_CKSAAP_84,0.24525547445255472
PL_AAIndex1_255,0.24525547445255472
PL_CTD_131,0.24525547445255472
PL_AAIndex1_4,0.24524474023185922
PL_AAIndex1_271,0.24524474023185916
PL_AAIndex1_455,0.2452340060111636
PL_CKSAAP_103,0.2452340060111636
PL_CTD_214,0.2452340060111636
PL_CTD_250,0.2452340060111636
PL_CTD_139,0.24522327179046802
PL_AAIndex1_141,0.24522327179046802
VSTPV1,0.24521253756977246
PL_CTDD_12,0.2452125375697724
F4,0.2452125375697724
PL_CTD_239,0.24520180334907687
PL_CTDD_102,0.24520180334907687
PL_AAIndex1_360,0.24520180334907682
PL_CTD_46,0.24520180334907682
PL_CTD_150,0.2451803349076857
PL_CKSAAP_369,0.24518033490768568
SGS,0.24515886646629453
PL_CTD_73,0.2437956204379562
PL_AAIndex1_268,0.24378488621726063
PL_CKSAAP_347,0.24378488621726063
PL_CTD_203,0.24378488621726063
BLOSUM10,0.2437848862172606
PL_CTD_107,0.2437848862172606
PL_AAIndex1_431,0.24377415199656505
PL_CTD_251,0.2437634177758695
PL_CTD_246,0.2437634177758695
PL_CTD_90,0.2437634177758695
PL_CTD_207,0.2437634177758695
PL_CKSAAP_394,0.24376341777586946
PL_CKSAAP_266,0.2437526835551739
PL_CTD_175,0.2437526835551739
PL_AAIndex1_490,0.2437526835551739
PL_CKSAAP_22,0.2437526835551739
PL_CKSAAP_30,0.2437526835551739
PL_CKSAAP_313,0.2437526835551739
PL_AAIndex1_23,0.24375268355517385
F5,0.24375268355517385
PL_CTD_149,0.24374194933447835
PL_CTDD_179,0.2437419493344783
PL_CKSAAP_211,0.2437419493344783
PL_CTDD_154,0.2437419493344783
PL_CTD_263,0.2437419493344783
PL_CTDD_160,0.24373121511378276
PL_AAIndex1_157,0.2437312151137827
VSTPV4,0.2437204808930872
PL_CKSAAP_123,0.24372048089308715
PL_CTD_202,0.2437097466723916
PL_AAIndex1_305,0.24235723486474883
PL_CKSAAP_157,0.24235723486474883
PL_CTDD_0,0.2423357664233577
PL_CTD_68,0.2423357664233577
PL_CKSAAP_97,0.2423357664233577
PL_CTD_56,0.24231429798196652
PL_CTDC_28,0.24231429798196652
PL_CTDD_66,0.2423142979819665
PL_CKSAAP_244,0.24230356376127093
PL_CTD_185,0.24230356376127093
S.1,0.24230356376127093
PL_Geary_7,0.24230356376127093
PL_AAIndex1_432,0.24230356376127093
PL_Moran_7,0.24230356376127093
PL_CKSAAP_251,0.24230356376127093
PL_AAIndex1_263,0.24229282954057538
PL_CKSAAP_209,0.24229282954057538
PL_CKSAAP_134,0.24229282954057538
PL_CTD_140,0.24229282954057538
PL_AAIndex1_531,0.2422820953198798
PL_CTD_72,0.2422820953198798
PL_AAIndex1_458,0.24228209531987974
PL_CTD_298,0.24227136109918423
PL_CTD_279,0.24227136109918418
PL_AAIndex1_533,0.24227136109918418
PL_AAIndex1_14,0.24227136109918418
PL_CKSAAP_238,0.24226062687848865
PL_CKSAAP_141,0.24226062687848865
PL_AAIndex1_89,0.2422606268784886
PL_CTD_287,0.2422606268784886
KF6,0.24224989265779304
PL_AAIndex1_459,0.24224989265779304
PL_CTDD_112,0.24224989265779304
PL_CKSAAP_34,0.2422284242164019
PL_AAIndex1_337,0.24088664662945472
PL_CTD_326,0.24087591240875908
PL_CTDD_25,0.24086517818806358
PL_CTDD_26,0.24086517818806352
PL_CTDT_12,0.24085444396736796
PL_CTD_216,0.24085444396736796
PL_MoreauBroto_6,0.24084370974667238
PL_CTD_9,0.24083297552597682
PL_CTD_242,0.24083297552597682
PL_AAIndex1_366,0.24083297552597682
PL_AAIndex1_470,0.24083297552597682
PL_CKSAAP_344,0.24083297552597682
PL_CKSAAP_89,0.24083297552597682
PL_CKSAAP_281,0.24083297552597677
PL_CTD_243,0.24083297552597677
PL_AAIndex1_74,0.24082224130528124
BLOSUM3,0.24082224130528124
PL_CTDT_20,0.24081150708458568
PL_CKSAAP_373,0.24081150708458568
PL_CTD_324,0.24081150708458568
PL_AAIndex1_71,0.24081150708458568
PL_CTD_261,0.24081150708458568
PL_CKSAAP_311,0.24081150708458568
PL_CKSAAP_204,0.24081150708458568
PL_CKSAAP_78,0.24081150708458562
PL_CTDD_122,0.24080077286389007
PL_CTDD_72,0.24080077286389007
PL_CTD_238,0.24080077286389007
PL_CTDD_41,0.24080077286389007
PL_PAAC_21,0.24080077286389007
PL_CTD_29,0.24079003864319454
PL_AAIndex1_428,0.24079003864319454
PL_AAIndex1_330,0.24079003864319448
PL_CKSAAP_135,0.24077930442249892
PP2,0.24077930442249892
PL_AAIndex1_26,0.24076857020180334
PL_AAIndex1_149,0.24075783598110778
PL_CKSAAP_95,0.24075783598110778
PL_CTDD_131,0.24075783598110773
PL_Geary_5,0.2394482610562473
PL_Moran_5,0.2394482610562473
PL_CTD_133,0.2393945899527694
PL_CKSAAP_25,0.23938385573207385
PL_AAIndex1_32,0.23938385573207385
PL_CKSAAP_1,0.23938385573207385
PL_CTDD_164,0.23938385573207385
PL_CTD_71,0.2393731215113783
PL_CTD_111,0.23937312151137827
PL_CTD_277,0.23937312151137827
PL_CTDD_194,0.23937312151137827
PL_CTDD_9,0.23937312151137827
PL_CTD_178,0.23937312151137827
PL_CKSAAP_187,0.23937312151137827
PL_CTDT_19,0.2393623872906827
PL_CKSAAP_398,0.23936238729068265
PL_CKSAAP_236,0.23936238729068265
PL_CKSAAP_133,0.23936238729068265
PL_CKSAAP_217,0.23935165306998712
PL_AAIndex1_79,0.23934091884929157
ProtFP3,0.23933018462859595
PL_CTDD_10,0.23933018462859595
PL_CKSAAP_23,0.23933018462859595
PL_CKSAAP_350,0.2393087161872048
PL_CKSAAP_235,0.23930871618720478
PL_CTD_296,0.23929798196650923
PL_AAIndex1_282,0.23792400171747535
PL_CTD_8,0.2379240017174753
PL_CTD_226,0.2379240017174753
PL_AAIndex1_266,0.23791326749677974
PL_AAIndex1_261,0.23791326749677974
PL_AAIndex1_368,0.23791326749677974
PL_CTD_291,0.23791326749677974
PL_CTD_305,0.23790253327608415
PL_AAIndex1_273,0.23790253327608415
PL_CTD_330,0.23790253327608415
PL_MoreauBroto_7,0.2378917990553886
PL_AAIndex1_132,0.23789179905538854
PL_CTD_27,0.237881064834693
ST1,0.237881064834693
PL_AAIndex1_551,0.237881064834693
FD.1,0.23788106483469296
PL_AAIndex1_385,0.23787033061399745
PL_CKSAAP_37,0.23787033061399745
F3,0.2378703306139974
A,0.2378703306139974
PL_CTD_218,0.2378703306139974
PL_AAIndex1_236,0.23785959639330184
PL_CKSAAP_201,0.23785959639330184
PL_CTD_334,0.23785959639330184
GSF,0.23785959639330184
PL_CTDD_86,0.23785959639330184
PL_CTDD_87,0.23785959639330184
PL_CTDD_100,0.23784886217260626
F.1,0.2378381279519107
Aromaticity,0.2378381279519107
PL_Geary_2,0.23649635036496353
PL_CTDC_38,0.23646414770287674
KF1,0.2364426792614856
PL_AAIndex1_264,0.23643194504079004
PL_CKSAAP_360,0.23643194504079004
PL_CTD_265,0.23643194504079004
PL_CTD_307,0.23643194504079004
PL_CTD_169,0.23643194504079004
PL_CTDD_33,0.23643194504079004
PL_CTDD_106,0.23643194504079004
PL_CKSAAP_389,0.23642121082009443
PL_CKSAAP_381,0.2364104765993989
PL_CTD_113,0.2364104765993989
PL_CTD_230,0.2364104765993989
PL_CTD_118,0.23641047659939884
PL_CTDT_13,0.23641047659939884
PL_CKSAAP_358,0.23641047659939884
PL_CTD_54,0.2363997423787033
PL_AAIndex1_456,0.2363997423787033
PL_CTD_92,0.2363997423787033
PL_Motif_0,0.2363997423787033
PL_AAIndex1_493,0.23638900815800773
PL_CTD_210,0.23637827393731214
PL_AAIndex1_338,0.23637827393731214
PL_AAIndex1_8,0.2363675397166166
PL_AAIndex1_108,0.236356805495921
PL_CTD_317,0.2350579647917561
PL_Moran_2,0.2350257621296694
PL_CTD_43,0.23500429368827827
PL_MoreauBroto_2,0.23498282524688707
PL_AAIndex1_121,0.23497209102619152
PL_CKSAAP_298,0.23496135680549593
LA,0.23496135680549593
PL_CTD_13,0.23496135680549593
PL_CKSAAP_59,0.23496135680549593
PL_CKSAAP_224,0.23496135680549593
PL_CKSAAP_139,0.23496135680549593
PD1,0.23495062258480032
PL_AAIndex1_260,0.23495062258480032
PL_CTD_162,0.2349398883641048
PL_CTD_22,0.2349398883641048
GFG,0.2349398883641048
PL_CKSAAP_395,0.23492915414340917
PL_CTD_167,0.23492915414340917
PL_CKSAAP_85,0.23491841992271362
PL_CKSAAP_146,0.23491841992271362
I,0.23491841992271362
PL_CTD_55,0.23490768570201803
PL_CTD_45,0.23490768570201803
PL_CKSAAP_228,0.23489695148132245
PL_CTDD_30,0.23487548303993133
PL_AAIndex1_229,0.23487548303993128
PL_CTD_240,0.23354443967367972
PL_CKSAAP_367,0.23352297123228852
PL_CKSAAP_198,0.23352297123228852
PL_CTDD_104,0.2335015027908974
PL_Moran_3,0.2335015027908974
PL_Geary_3,0.2335015027908974
PL_AAIndex1_187,0.23350150279089738
PL_CTDD_142,0.23350150279089738
PL_CTD_34,0.23349076857020182
PL_CKSAAP_399,0.23349076857020182
PL_AAIndex1_409,0.23349076857020182
PL_CTD_195,0.23349076857020182
PL_CKSAAP_39,0.23349076857020176
PL_CTD_306,0.2334800343495062
PL_AAIndex1_25,0.2334800343495062
PL_CTD_181,0.2334800343495062
PL_CTD_42,0.23346930012881068
PL_CTD_155,0.23346930012881068
PL_QSO_SW_12,0.23346930012881068
PL_CKSAAP_321,0.23346930012881068
PL_AAIndex1_547,0.23346930012881062
PL_CTDD_56,0.23346930012881062
PL_AAIndex1_469,0.23346930012881062
PL_AAIndex1_436,0.23345856590811506
PL_CTD_294,0.23345856590811506
PL_AAIndex1_111,0.23345856590811506
PL_CTD_62,0.23344783168741948
PL_QSO_SW_21,0.23342636324602833
PL_AAIndex1_473,0.23342636324602833
PL_Geary_4,0.2321060541004723
PL_Moran_4,0.2321060541004723
PL_CTD_99,0.23208458565908113
PL_CTD_303,0.2320523829969944
PL_CTD_258,0.23204164877629885
PL_CTDD_14,0.2320309145556033
PL_CTD_93,0.23203091455560326
PL_CTD_58,0.2320201803349077
PL_CKSAAP_144,0.2320201803349077
PL_CTD_311,0.2320201803349077
PL_CKSAAP_239,0.2320201803349077
PL_CTD_20,0.23202018033490765
PL_CTD_237,0.2320094461142121
PL_CTD_205,0.2320094461142121
PL_CTD_321,0.2320094461142121
PL_CTD_325,0.2320094461142121
PL_AAIndex1_136,0.2319987118935165
PL_CTD_304,0.23198797767282095
PL_CKSAAP_212,0.23198797767282095
PL_CTD_171,0.23198797767282095
PL_AAIndex1_504,0.23198797767282095
PL_CTD_147,0.23197724345212536
E4,0.23197724345212536
PL_CTDD_127,0.23062473164448263
PL_CTD_174,0.23062473164448258
PL_MoreauBroto_5,0.23061399742378702
PL_CKSAAP_92,0.2306032632030915
PL_AAIndex1_391,0.23059252898239588
PL_AAIndex1_123,0.23057106054100474
PL_CKSAAP_241,0.23056032632030915
PL_CTDC_16,0.23056032632030915
PL_CTDD_61,0.23056032632030915
PL_AAIndex1_539,0.23056032632030915
PL_CTD_63,0.23053885787891798
PL_AAIndex1_308,0.23053885787891798
PL_CKSAAP_87,0.23053885787891798
GDS,0.23053885787891798
PL_AAIndex1_135,0.23052812365822245
PL_CTD_116,0.2305281236582224
PL_CTD_340,0.2305281236582224
PL_CTD_309,0.2305281236582224
PL_AAIndex1_188,0.23051738943752684
PL_CKSAAP_374,0.23051738943752684
PL_CTDD_173,0.23050665521683125
PL_CKSAAP_197,0.23050665521683125
PL_AAIndex1_474,0.23047445255474455
PL_CTDD_45,0.2304744525547445
PL_CKSAAP_377,0.22915414340918847
PL_CKSAAP_41,0.22914340918849288
PL_AAIndex1_62,0.22913267496779738
PL_CTD_259,0.22913267496779732
PL_CTDD_191,0.22912194074710177
PL_CTDT_27,0.22912194074710177
PL_CTD_83,0.22911120652640618
PL_AAIndex1_30,0.22910047230571062
PL_CTDD_135,0.22910047230571057
PL_CTDD_159,0.22908973808501504
PL_AAIndex1_92,0.22908973808501504
PL_CTDT_23,0.22908973808501498
DF.1,0.22906826964362387
PL_CTDD_156,0.22906826964362387
PL_CTDD_168,0.22906826964362384
PL_CTD_290,0.22905753542292834
PL_CTD_126,0.22905753542292828
PL_CTD_78,0.22905753542292828
PL_CTD_132,0.22905753542292828
PL_CKSAAP_339,0.22905753542292828
PL_CTD_110,0.22905753542292828
LV,0.22905753542292828
PL_CTDD_42,0.2290468012022327
PL_CKSAAP_166,0.2290468012022327
PL_AAIndex1_41,0.2290468012022327
PL_AAIndex1_548,0.22903606698153714
AF5,0.22902533276084153
PL_CTD_70,0.22899313009875483
PL_CTDD_107,0.2276620867325032
PL_CTDD_7,0.22765135251180765
PL_CTD_193,0.22764061829111207
PL_CTD_36,0.22764061829111207
PL_AAIndex1_395,0.2276298840704165
P,0.22762988407041645
PL_AAIndex1_442,0.2276084156290253
PL_AAIndex1_423,0.22759768140832976
PL_CKSAAP_21,0.22759768140832976
PL_AAIndex1_341,0.22758694718763417
PL_AAIndex1_216,0.22758694718763417
PL_AAIndex1_78,0.22758694718763417
PL_CKSAAP_126,0.2275762129669386
GDD,0.22757621296693858
SF.1,0.22756547874624303
PL_AAIndex1_235,0.22756547874624303
PL_MoreauBroto_3,0.22620223271790468
PL_CTD_267,0.2261914984972091
PL_AAIndex1_265,0.22617003005581796
PL_AAIndex1_144,0.22617003005581796
PL_CTD_76,0.2261592958351224
PL_CTDD_153,0.22615929583512234
PL_CTDD_53,0.22615929583512234
PL_AAIndex1_394,0.22615929583512234
PL_AAIndex1_434,0.22615929583512234
PL_CKSAAP_131,0.2261485616144268
PL_CTD_293,0.2261485616144268
PL_CTD_286,0.22613782739373126
PL_AAIndex1_440,0.2261378273937312
PL_APAAC_20,0.2261378273937312
PL_CKSAAP_366,0.2261378273937312
PL_CTD_300,0.2261378273937312
PL_CTDC_25,0.2261378273937312
PL_CTD_44,0.22612709317303564
PL_AAIndex1_332,0.22612709317303564
PL_CKSAAP_81,0.22612709317303564
SD.1,0.22612709317303564
PL_CKSAAP_58,0.22612709317303564
PL_CTD_143,0.22612709317303561
T,0.22611635895234006
PL_CTD_225,0.22610562473164447
PL_CKSAAP_118,0.22610562473164447
PL_CTD_292,0.22610562473164447
PL_AAIndex1_155,0.22607342206955777
PL_AAIndex1_200,0.22474237870330613
PL_CKSAAP_258,0.22471017604121943
PL_CTD_6,0.22469944182052384
PL_CTD_196,0.22468870759982823
PL_AAIndex1_49,0.22468870759982823
PL_CTDD_101,0.2246779733791327
PL_CTD_312,0.2246779733791327
PL_CTDD_29,0.2246779733791327
PL_AAIndex1_31,0.2246672391584371
VHSE3,0.2246672391584371
PL_CTDT_28,0.2246672391584371
PL_CTD_192,0.2246672391584371
PL_CTDD_8,0.22465650493774153
PL_AAIndex1_426,0.22465650493774153
PL_AAIndex1_344,0.22465650493774153
PL_CTD_105,0.22465650493774153
PL_CTD_188,0.22463503649635036
PL_AAIndex1_158,0.2246243022756548
PL_CTDD_186,0.2246243022756548
PL_CTDD_76,0.2246243022756548
W,0.22462430227565475
PL_CTD_91,0.2246135680549592
PL_QSO_Grantham_21,0.22460283383426366
PL_AAIndex1_503,0.22459209961356805
PL_CTDD_175,0.22328252468870757
PL_CKSAAP_159,0.22325032202662087
PL_CTDD_68,0.22323958780592532
Z3,0.22321811936453412
T3,0.22321811936453412
ST3,0.2232073851438386
PL_CTD_223,0.2232073851438386
PL_CTD_241,0.22320738514383853
PL_CKSAAP_98,0.22320738514383853
PL_AAIndex1_17,0.22320738514383853
PL_CTD_266,0.22319665092314298
PL_AAIndex1_94,0.22319665092314298
PL_QSO_SW_11,0.22319665092314298
PL_APAAC_22,0.22319665092314295
PL_CTD_327,0.22318591670244742
SFG,0.22317518248175178
PL_CKSAAP_38,0.22316444826105625
DSG,0.22315371404036063
PL_CTDD_75,0.2231322455989695
PL_CTDD_185,0.2231322455989695
PL_CKSAAP_129,0.22311077715757835
PL_CTDD_82,0.22179046801202232
BLOSUM9,0.22176899957063118
PL_Geary_1,0.22175826534993562
PL_CTDD_118,0.22175826534993562
PL_CTDD_148,0.22175826534993562
PL_AAIndex1_549,0.22175826534993556
PRIN3,0.22174753112924
PL_CTD_94,0.22174753112924
PL_CTD_332,0.22174753112924
HF.1,0.22174753112924
PL_CTDD_170,0.22174753112923998
PL_CTD_153,0.22173679690854442
S,0.22173679690854442
PL_CTD_114,0.22173679690854442
PL_AAIndex1_250,0.22172606268784886
PL_CTD_128,0.22172606268784886
PL_PAAC_22,0.22172606268784883
PL_CTD_59,0.22171532846715328
PL_CTD_310,0.22171532846715328
PL_CTD_125,0.22171532846715328
PL_CTD_144,0.22170459424645772
KF7,0.22170459424645772
DDG,0.22170459424645766
PL_CKSAAP_246,0.22169386002576214
PL_CTDD_67,0.22168312580506658
PL_CKSAAP_33,0.22167239158437096
PL_CTD_191,0.22164018892228424
KF10,0.22035208243881493
PL_CTDD_27,0.2203091455560326
PL_CTD_315,0.2202984113353371
PL_CTDD_52,0.22029841133533706
PL_Moran_1,0.22029841133533706
PL_CTD_12,0.22029841133533706
PL_CTDD_171,0.22029841133533706
PL_CTDD_54,0.2202769428939459
PL_CTDT_18,0.2202662086732503
HGD,0.2202662086732503
PL_CTDD_126,0.22025547445255475
PL_AAIndex1_286,0.22024474023185917
VL,0.22024474023185917
PL_CKSAAP_386,0.2202125375697724
PL_CTDD_63,0.21887075998282524
PL_CKSAAP_147,0.21883855732073848
PL_AAIndex1_315,0.21881708887934734
PL_CTD_308,0.21880635465865178
PL_CTD_106,0.2187956204379562
T5,0.2187956204379562
PL_CTDD_43,0.21878488621726064
R,0.2187848862172606
VSTPV6,0.2187848862172606
PL_AAIndex1_50,0.2187848862172606
DGH,0.2187848862172606
PL_AAIndex1_20,0.21877415199656505
DHG,0.218774151996565
PL_AAIndex1_429,0.21872048089308715
PL_CTDD_130,0.218699012451696
PL_CTDD_18,0.21737870330613998
PL_CTDD_177,0.21736796908544437
PL_CTD_322,0.21735723486474884
GHG,0.21733576642335767
AV,0.21733576642335764
HDG,0.21732503220266208
FF.1,0.21732503220266208
PL_AAIndex1_143,0.21732503220266208
PL_CKSAAP_181,0.21732503220266203
EL,0.2173142979819665
SSS,0.2173142979819665
PL_ATC_atoms_1,0.2173142979819665
SV3,0.2173142979819665
DGD,0.2173142979819665
PL_CTD_319,0.2173142979819665
GGH,0.2173142979819665
PL_AAIndex1_422,0.21730356376127094
PL_AAIndex1_189,0.21730356376127088
PL_CKSAAP_301,0.21729282954057533
PL_CTDD_163,0.2172820953198798
PL_AAIndex1_285,0.2172606268784886
PL_CTDD_143,0.2172606268784886
PL_CTDD_71,0.21588664662945473
PL_CTDD_121,0.21588664662945473
ST6,0.21588664662945467
SL,0.21588664662945467
PL_CTDD_93,0.2158759124087591
DDD,0.21586517818806356
PL_CTD_342,0.21586517818806356
PL_AAIndex1_15,0.21586517818806353
PL_AAIndex1_262,0.21585444396736797
PL_CTDD_58,0.21585444396736797
LE,0.21585444396736797
SGH,0.21585444396736797
GHF,0.21585444396736791
PL_ATC_atoms_3,0.21585444396736791
PL_AAIndex1_348,0.21584370974667239
ED,0.21584370974667239
DGS,0.21584370974667239
PL_CTDD_129,0.21584370974667239
PL_AAIndex1_259,0.21584370974667239
PL_CTD_333,0.21581150708458563
PL_AAIndex1_154,0.2157900386431945
KF5,0.2144482610562473
PL_CTD_96,0.2144160583941606
PL_CTD_37,0.214405324173465
HH.1,0.21439458995276944
GG,0.21439458995276942
FGH,0.21439458995276942
DFG,0.21439458995276942
PL_APAAC_24,0.21439458995276942
KE,0.21439458995276942
PL_CTDD_167,0.21439458995276942
PL_AAIndex1_90,0.21438385573207386
PL_CTD_341,0.21438385573207386
G,0.21438385573207386
KL,0.2143838557320738
SHD,0.2143838557320738
GFD,0.2143838557320738
PL_CKSAAP_384,0.21437312151137827
GSS,0.21437312151137827
PL_CTD_335,0.21437312151137827
PL_CTDC_21,0.21436238729068272
PL_CTD_320,0.21436238729068266
PL_CTD_338,0.2143516530699871
PL_AAIndex1_372,0.21298840704164873
PL_CTDD_84,0.21294547015886645
PL_CTD_146,0.2129347359381709
LK,0.21293473593817086
PL_AAIndex1_295,0.21292400171747533
PL_CKSAAP_32,0.2129240017174753
PL_CTD_244,0.2129240017174753
HDD,0.2129240017174753
DSH,0.2129240017174753
EK,0.2129240017174753
ES,0.2129240017174753
DG,0.2129240017174753
IE,0.2129240017174753
DE,0.2129240017174753
EF,0.2129240017174753
PL_QSO_Grantham_20,0.2129240017174753
PL_AAIndex1_280,0.2129240017174753
PL_CTD_336,0.2129240017174753
PL_CTDC_10,0.2129240017174753
QE,0.2129240017174753
PL_AAIndex1_84,0.2129240017174753
SSG,0.21291326749677975
PL_AAIndex1_334,0.21291326749677975
BLOSUM6,0.21291326749677975
PL_AAIndex1_358,0.2129132674967797
DSS,0.2129132674967797
KD,0.2129132674967797
SH.1,0.2129132674967797
PL_CTD_48,0.2129132674967797
SDG,0.2129132674967797
FS.1,0.21290253327608416
PL_AAIndex1_375,0.21290253327608416
PL_CTDD_92,0.21290253327608416
PL_CTD_272,0.21290253327608416
PL_AAIndex1_377,0.21289179905538855
PL_CTDD_91,0.21288106483469296
PL_QSO_SW_6,0.21149635036496353
PL_MoreauBroto_4,0.21149635036496348
PL_AAIndex1_269,0.21147488192357233
PL_CTD_145,0.21146414770287675
PL_CTD_337,0.21146414770287675
PM,0.2114534134821812
PL,0.2114534134821812
PK,0.2114534134821812
AY,0.2114534134821812
AS,0.2114534134821812
PI,0.2114534134821812
LF,0.2114534134821812
PG,0.2114534134821812
PF,0.2114534134821812
PE,0.2114534134821812
PD,0.2114534134821812
PC,0.2114534134821812
NY,0.2114534134821812
KK,0.2114534134821812
KI,0.2114534134821812
AT,0.2114534134821812
KH,0.2114534134821812
KG,0.2114534134821812
AW,0.2114534134821812
PH,0.2114534134821812
LD,0.2114534134821812
LC,0.2114534134821812
KY,0.2114534134821812
AP,0.2114534134821812
KW,0.2114534134821812
KV,0.2114534134821812
KT,0.2114534134821812
KS,0.2114534134821812
KR,0.2114534134821812
LT,0.2114534134821812
LS,0.2114534134821812
AQ,0.2114534134821812
PL_AAIndex1_133,0.2114534134821812
KC,0.2114534134821812
KA,0.2114534134821812
IY,0.2114534134821812
IW,0.2114534134821812
AR,0.2114534134821812
RD,0.2114534134821812
IV,0.2114534134821812
IT,0.2114534134821812
KQ,0.2114534134821812
KP,0.2114534134821812
LI,0.2114534134821812
LH,0.2114534134821812
LG,0.2114534134821812
KF,0.2114534134821812
FHD,0.2114534134821812
FHH,0.2114534134821812
QD,0.2114534134821812
QC,0.2114534134821812
QA,0.2114534134821812
PY,0.2114534134821812
PW,0.2114534134821812
PV,0.2114534134821812
PT,0.2114534134821812
PS,0.2114534134821812
DD,0.2114534134821812
DC,0.2114534134821812
DA,0.2114534134821812
KN,0.2114534134821812
QP,0.2114534134821812
YS,0.2114534134821812
YR,0.2114534134821812
YQ,0.2114534134821812
YP,0.2114534134821812
YN,0.2114534134821812
YM,0.2114534134821812
YL,0.2114534134821812
YK,0.2114534134821812
YI,0.2114534134821812
YH,0.2114534134821812
FDD,0.2114534134821812
FDH,0.2114534134821812
FDS,0.2114534134821812
FDF,0.2114534134821812
IN,0.2114534134821812
KM,0.2114534134821812
RC,0.2114534134821812
RA,0.2114534134821812
QY,0.2114534134821812
QW,0.2114534134821812
QV,0.2114534134821812
QT,0.2114534134821812
QS,0.2114534134821812
QR,0.2114534134821812
QQ,0.2114534134821812
SDH,0.2114534134821812
QN,0.2114534134821812
YW,0.2114534134821812
YV,0.2114534134821812
YT,0.2114534134821812
PN,0.2114534134821812
FDG,0.2114534134821812
CW,0.2114534134821812
CV,0.2114534134821812
CT,0.2114534134821812
CS,0.2114534134821812
CR,0.2114534134821812
CQ,0.2114534134821812
CP,0.2114534134821812
CN,0.2114534134821812
CM,0.2114534134821812
CL,0.2114534134821812
CK,0.2114534134821812
RH,0.2114534134821812
RG,0.2114534134821812
RF,0.2114534134821812
RE,0.2114534134821812
CY,0.2114534134821812
NL,0.2114534134821812
NK,0.2114534134821812
NI,0.2114534134821812
NH,0.2114534134821812
NG,0.2114534134821812
NF,0.2114534134821812
NE,0.2114534134821812
ND,0.2114534134821812
NC,0.2114534134821812
NA,0.2114534134821812
DFD,0.2114534134821812
DFH,0.2114534134821812
DFS,0.2114534134821812
HSF,0.2114534134821812
CH,0.2114534134821812
HFH,0.2114534134821812
HFS,0.2114534134821812
NS,0.2114534134821812
SV1,0.2114534134821812
HFF,0.2114534134821812
HFG,0.2114534134821812
HGS,0.2114534134821812
HGF,0.2114534134821812
SH,0.2114534134821812
SG,0.2114534134821812
SF,0.2114534134821812
DSD,0.2114534134821812
DSF,0.2114534134821812
AD,0.2114534134821812
PL_QSO_Grantham_15,0.2114534134821812
HFD,0.2114534134821812
GFF,0.2114534134821812
AI,0.2114534134821812
PL_QSO_Grantham_7,0.2114534134821812
PL_QSO_Grantham_6,0.2114534134821812
PL_QSO_Grantham_5,0.2114534134821812
PL_APAAC_21,0.2114534134821812
PL_APAAC_23,0.2114534134821812
AC,0.2114534134821812
AA,0.2114534134821812
Y,0.2114534134821812
PL_QSO_Grantham_3,0.2114534134821812
PL_QSO_Grantham_2,0.2114534134821812
PL_QSO_Grantham_1,0.2114534134821812
N,0.2114534134821812
GFH,0.2114534134821812
NM,0.2114534134821812
PL_QSO_Grantham_18,0.2114534134821812
PL_QSO_Grantham_17,0.2114534134821812
PL_QSO_Grantham_0,0.2114534134821812
PL_QSO_SW_22,0.2114534134821812
FGF,0.2114534134821812
GDH,0.2114534134821812
GDF,0.2114534134821812
GHD,0.2114534134821812
AF,0.2114534134821812
SD,0.2114534134821812
AH,0.2114534134821812
AG,0.2114534134821812
DHF,0.2114534134821812
HDS,0.2114534134821812
HDF,0.2114534134821812
PL_QSO_Grantham_19,0.2114534134821812
MV,0.2114534134821812
MT,0.2114534134821812
FH.1,0.2114534134821812
YY,0.2114534134821812
PL_AAIndex1_21,0.2114534134821812
MS,0.2114534134821812
SDS,0.2114534134821812
SDF,0.2114534134821812
SHH,0.2114534134821812
SHS,0.2114534134821812
SHF,0.2114534134821812
SSD,0.2114534134821812
SSH,0.2114534134821812
SSF,0.2114534134821812
LN,0.2114534134821812
PL_QSO_Grantham_14,0.2114534134821812
PL_AAIndex1_51,0.2114534134821812
PL_AAIndex1_48,0.2114534134821812
LR,0.2114534134821812
LQ,0.2114534134821812
LP,0.2114534134821812
CI,0.2114534134821812
IM,0.2114534134821812
CG,0.2114534134821812
CF,0.2114534134821812
CE,0.2114534134821812
CD,0.2114534134821812
CC,0.2114534134821812
CA,0.2114534134821812
PL_MoreauBroto_1,0.2114534134821812
SDD,0.2114534134821812
LM,0.2114534134821812
PL_QSO_Grantham_13,0.2114534134821812
PL_QSO_Grantham_12,0.2114534134821812
PL_QSO_Grantham_11,0.2114534134821812
PL_QSO_Grantham_10,0.2114534134821812
PL_QSO_Grantham_9,0.2114534134821812
PL_QSO_Grantham_8,0.2114534134821812
DFF,0.2114534134821812
HDH,0.2114534134821812
MR,0.2114534134821812
MQ,0.2114534134821812
MP,0.2114534134821812
MN,0.2114534134821812
MM,0.2114534134821812
ML,0.2114534134821812
MK,0.2114534134821812
MW,0.2114534134821812
MH,0.2114534134821812
MG,0.2114534134821812
MF,0.2114534134821812
SFD,0.2114534134821812
HHG,0.2114534134821812
HSD,0.2114534134821812
HSH,0.2114534134821812
HSS,0.2114534134821812
ME,0.2114534134821812
MD,0.2114534134821812
MC,0.2114534134821812
MA,0.2114534134821812
LY,0.2114534134821812
LW,0.2114534134821812
MY,0.2114534134821812
MI,0.2114534134821812
FFH,0.2114534134821812
FFS,0.2114534134821812
PL_ATC_atoms_2,0.2114534134821812
PL_ATC_atoms_0,0.2114534134821812
VK,0.2114534134821812
VI,0.2114534134821812
VH,0.2114534134821812
TV,0.2114534134821812
TT,0.2114534134821812
TS,0.2114534134821812
PL_ATC_atoms_4,0.2114534134821812
VM,0.2114534134821812
TK,0.2114534134821812
TI,0.2114534134821812
AK,0.2114534134821812
TG,0.2114534134821812
TF,0.2114534134821812
TE,0.2114534134821812
GHH,0.2114534134821812
GSH,0.2114534134821812
FHS,0.2114534134821812
TD,0.2114534134821812
TC,0.2114534134821812
TA,0.2114534134821812
SY,0.2114534134821812
TR,0.2114534134821812
TQ,0.2114534134821812
TP,0.2114534134821812
TN,0.2114534134821812
TM,0.2114534134821812
TH,0.2114534134821812
WC,0.2114534134821812
WA,0.2114534134821812
VY,0.2114534134821812
VW,0.2114534134821812
VV,0.2114534134821812
VT,0.2114534134821812
VS,0.2114534134821812
VR,0.2114534134821812
VQ,0.2114534134821812
VP,0.2114534134821812
VG,0.2114534134821812
VF,0.2114534134821812
VE,0.2114534134821812
VD,0.2114534134821812
VC,0.2114534134821812
FFD,0.2114534134821812
TY,0.2114534134821812
WF,0.2114534134821812
ER,0.2114534134821812
EQ,0.2114534134821812
EP,0.2114534134821812
EN,0.2114534134821812
EM,0.2114534134821812
EI,0.2114534134821812
FHF,0.2114534134821812
FHG,0.2114534134821812
FSD,0.2114534134821812
FSH,0.2114534134821812
FSS,0.2114534134821812
FSF,0.2114534134821812
FSG,0.2114534134821812
VA,0.2114534134821812
SK,0.2114534134821812
SI,0.2114534134821812
SC,0.2114534134821812
SA,0.2114534134821812
RY,0.2114534134821812
PL_QSO_Grantham_4,0.2114534134821812
PL_APAAC_25,0.2114534134821812
RM,0.2114534134821812
RL,0.2114534134821812
RK,0.2114534134821812
RI,0.2114534134821812
AN,0.2114534134821812
AM,0.2114534134821812
AL,0.2114534134821812
DDH,0.2114534134821812
TL,0.2114534134821812
NQ,0.2114534134821812
NP,0.2114534134821812
NN,0.2114534134821812
HHD,0.2114534134821812
HHH,0.2114534134821812
HHS,0.2114534134821812
HHF,0.2114534134821812
DDS,0.2114534134821812
DDF,0.2114534134821812
DHD,0.2114534134821812
DHH,0.2114534134821812
DHS,0.2114534134821812
PL_QSO_Grantham_16,0.2114534134821812
PQ,0.2114534134821812
PR,0.2114534134821812
NR,0.2114534134821812
DW,0.2114534134821812
DV,0.2114534134821812
DT,0.2114534134821812
DS,0.2114534134821812
DR,0.2114534134821812
TW,0.2114534134821812
SE,0.2114534134821812
DY,0.2114534134821812
SW,0.2114534134821812
SV,0.2114534134821812
ST,0.2114534134821812
DQ,0.2114534134821812
DP,0.2114534134821812
DN,0.2114534134821812
DM,0.2114534134821812
SM,0.2114534134821812
DK,0.2114534134821812
DI,0.2114534134821812
DH,0.2114534134821812
DF,0.2114534134821812
SR,0.2114534134821812
RW,0.2114534134821812
RV,0.2114534134821812
RT,0.2114534134821812
RS,0.2114534134821812
RR,0.2114534134821812
RQ,0.2114534134821812
RP,0.2114534134821812
RN,0.2114534134821812
SQ,0.2114534134821812
SN,0.2114534134821812
DL,0.2114534134821812
PL_AAIndex1_249,0.2114534134821812
QM,0.2114534134821812
QL,0.2114534134821812
QK,0.2114534134821812
QI,0.2114534134821812
QH,0.2114534134821812
QG,0.2114534134821812
QF,0.2114534134821812
SFH,0.2114534134821812
SFS,0.2114534134821812
SFF,0.2114534134821812
SGF,0.2114534134821812
HP,0.2114534134821812
HN,0.2114534134821812
HM,0.2114534134821812
EA,0.2114534134821812
HK,0.2114534134821812
YD,0.2114534134821812
YC,0.2114534134821812
YA,0.2114534134821812
WY,0.2114534134821812
WW,0.2114534134821812
WV,0.2114534134821812
WT,0.2114534134821812
WS,0.2114534134821812
WR,0.2114534134821812
WQ,0.2114534134821812
WP,0.2114534134821812
FFF,0.2114534134821812
FFG,0.2114534134821812
FGD,0.2114534134821812
HL,0.2114534134821812
IL,0.2114534134821812
IK,0.2114534134821812
II,0.2114534134821812
YG,0.2114534134821812
YF,0.2114534134821812
YE,0.2114534134821812
IC,0.2114534134821812
IA,0.2114534134821812
PL_AAIndex1_248,0.2114534134821812
HT,0.2114534134821812
HS,0.2114534134821812
HR,0.2114534134821812
HQ,0.2114534134821812
NW,0.2114534134821812
NV,0.2114534134821812
PL_CTD_301,0.2114534134821812
IS,0.2114534134821812
IR,0.2114534134821812
IQ,0.2114534134821812
IP,0.2114534134821812
HI,0.2114534134821812
HH,0.2114534134821812
HG,0.2114534134821812
HF,0.2114534134821812
HY,0.2114534134821812
HW,0.2114534134821812
HV,0.2114534134821812
IH,0.2114534134821812
IG,0.2114534134821812
IF,0.2114534134821812
ID,0.2114534134821812
NT,0.2114534134821812
FP,0.2114534134821812
PL_AAIndex1_427,0.2114534134821812
GI,0.2114534134821812
GH,0.2114534134821812
GF,0.2114534134821812
GE,0.2114534134821812
FE,0.2114534134821812
FD,0.2114534134821812
FC,0.2114534134821812
FA,0.2114534134821812
EY,0.2114534134821812
GR,0.2114534134821812
VN,0.2114534134821812
PL_AAIndex1_475,0.2114534134821812
WH,0.2114534134821812
FGS,0.2114534134821812
EW,0.2114534134821812
EV,0.2114534134821812
ET,0.2114534134821812
FN,0.2114534134821812
FM,0.2114534134821812
FL,0.2114534134821812
FK,0.2114534134821812
FI,0.2114534134821812
FH,0.2114534134821812
FG,0.2114534134821812
FF,0.2114534134821812
WE,0.2114534134821812
EH,0.2114534134821812
EG,0.2114534134821812
EC,0.2114534134821812
WG,0.2114534134821812
WK,0.2114534134821812
WI,0.2114534134821812
HE,0.2114534134821812
HD,0.2114534134821812
HC,0.2114534134821812
HA,0.2114534134821812
GY,0.2114534134821812
GW,0.2114534134821812
GV,0.2114534134821812
GT,0.2114534134821812
GS,0.2114534134821812
GM,0.2114534134821812
GL,0.2114534134821812
GK,0.2114534134821812
GQ,0.2114534134821812
FQ,0.2114534134821812
GN,0.2114534134821812
PL_AAIndex1_378,0.2114534134821812
GD,0.2114534134821812
GC,0.2114534134821812
GA,0.2114534134821812
FY,0.2114534134821812
FW,0.2114534134821812
FV,0.2114534134821812
FT,0.2114534134821812
WN,0.2114534134821812
WM,0.2114534134821812
WL,0.2114534134821812
WD,0.2114534134821812
FS,0.2114534134821812
FR,0.2114534134821812
GP,0.2114534134821812
DGF,0.21145341348218114
HGG,0.21144267926148563
PL_CTDD_174,0.21144267926148563
PL_AAIndex1_207,0.21144267926148563
PL_AAIndex1_498,0.21144267926148563
PL_CTDD_94,0.21144267926148558
PL_CTDC_27,0.21143194504079005
PL_CTD_328,0.21143194504079
M,0.21142121082009444
PL_CTDD_128,0.21141047659939888
PL_AAIndex1_281,0.21141047659939888
PL_AAIndex1_93,0.21141047659939888
PL_CTD_160,0.21002576212966942
PL_AAIndex1_22,0.21001502790897378
LL,0.21000429368827822
PL_CTDD_88,0.21000429368827822
PL_CTD_69,0.21000429368827822
SHG,0.20999355946758264
PL_AAIndex1_134,0.20999355946758264
PA,0.20999355946758264
SS,0.20999355946758264
SP,0.20999355946758264
GHS,0.20999355946758264
PL_AAIndex1_312,0.20999355946758264
HS.1,0.20999355946758264
GFS,0.20998282524688708
HGH,0.20998282524688708
PL_CTD_339,0.20998282524688702
AE,0.20998282524688702
HSG,0.20998282524688702
GSD,0.20998282524688702
PL_CTDD_113,0.20997209102619152
PL_CTDD_11,0.20997209102619147
PL_CTDD_166,0.20996135680549594
PL_CTDD_39,0.20996135680549594
PL_CTDD_98,0.20993988836410477
PL_CTDD_31,0.20993988836410477
PL_AAIndex1_415,0.20993988836410477
AF2,0.20991841992271362
PL_CTDD_50,0.2098862172606269
PL_CTDD_192,0.20855517389437525
PL_CTDD_162,0.20855517389437525
PL_CTDD_81,0.20855517389437525
PL_CTDD_37,0.2085337054529841
SGD,0.2085337054529841
PL_CTD_314,0.20852297123228852
PL_AAIndex1_491,0.20852297123228852
PL_CTDT_22,0.20851223701159297
PL_CKSAAP_29,0.20850150279089735
PL_AAIndex1_453,0.20850150279089735
PL_CKSAAP_221,0.20846930012881063
PL_QSO_SW_5,0.20709531987977675
PL_AAIndex1_538,0.20707385143838555
PL_CTD_95,0.20706311721769
ST7,0.2070523829969944
PL_CTDD_73,0.2070523829969944
PL_CTDD_123,0.2070523829969944
H,0.2070416487762988
E3,0.2070416487762988
PL_AAIndex1_318,0.2070094461142121
PL_CTD_52,0.20699871189351654
PL_AAIndex1_410,0.2069987118935165
F,0.2069987118935165
PL_CTDT_29,0.20560326320309144
PP,0.20559252898239583
PL_CTD_318,0.20559252898239583
PL_AAIndex1_139,0.20558179476170033
PL_CTDD_184,0.20557106054100474
PL_CTDD_139,0.20556032632030913
PL_CKSAAP_158,0.20556032632030913
PL_CKSAAP_361,0.2055495920996136
PL_CTDD_144,0.20554959209961354
F2,0.2055281236582224
PL_CTDD_172,0.20416487762988406
PL_CTDD_16,0.20413267496779733
PL_CTDD_89,0.20412194074710177
PL_AAIndex1_16,0.20412194074710172
PL_AAIndex1_471,0.20410047230571057
PL_CTD_104,0.20408973808501502
PL_QSO_SW_10,0.20407900386431949
PL_CKSAAP_31,0.20269428939458994
PL_CTDC_22,0.20268355517389436
PL_CTD_97,0.20264061829111207
PL_CTDD_36,0.20264061829111207
PL_CTDD_109,0.20262988407041646
PL_AAIndex1_363,0.20262988407041646
PL_AAIndex1_451,0.2026191498497209
PL_CTDD_183,0.2026191498497209
PL_CTD_331,0.20260841562902537
PL_AAIndex1_63,0.20259768140832976
PL_CTDT_4,0.20258694718763418
PL_CTDD_44,0.20117003005581796
PL_CKSAAP_218,0.20117003005581796
PL_CTDD_114,0.2011378273937312
AF3,0.20112709317303565
PL_CTDD_38,0.20112709317303562
PL_CKSAAP_24,0.19976384714469728
PL_CTDD_158,0.19973164448261055
PL_CTDD_181,0.19973164448261055
PL_CTD_209,0.19969944182052385
PL_CKSAAP_364,0.19826105624731644
PL_AAIndex1_376,0.1982395878059253
PL_CTD_194,0.19822885358522974
PL_CTDC_13,0.1982288535852297
PL_CTDD_13,0.19821811936453415
PL_CTDD_62,0.19821811936453412
ProtFP8,0.19683340489480466
PL_CKSAAP_121,0.1968119364534135
PL_CTD_329,0.19681193645341347
PL_CTDD_178,0.19681193645341347
PL_AAIndex1_204,0.1968012022327179
PL_CTDD_3,0.1968012022327179
PL_AAIndex1_115,0.19672606268784887
PL_CTDD_83,0.1953306139974238
PL_CTD_323,0.19383855732073849
PL_CTDD_24,0.19383855732073849
PL_CTDD_124,0.19382782310004293
PL_CTDD_74,0.19382782310004293
PL_CTDD_59,0.19380635465865176
PL_CTDD_138,0.19379562043795623
PL_CTDD_2,0.19238943752683552
PL_CTDD_97,0.19234650064405323
PL_CTDD_193,0.18943752683555173
PL_AAIndex1_203,0.1894160583941606
PL_AAIndex1_540,0.18794547015886648
PL_CTDD_103,0.1864963503649635
PL_CTDD_108,0.1835766423357664
PL_CTDD_96,0.1821060541004723
