Feature,Lasso_Coefficient
CW,1.6838943498224475
PL_CKSAAP_364,1.654789070269232
WS,1.2158438473120603
CP,1.0508670014467432
PL_QSO_Grantham_21,1.0416974759102144
GT,1.0148398502381002
PL_CTDD_88,0.9907867291200957
WP,0.9841612561244524
TG,0.9677577564359405
MM,0.9042682808702605
PL_APAAC_24,0.8903251815301574
PL_CKSAAP_101,0.8898035996808467
FG,0.8735360371581925
PL_CKSAAP_358,0.8680917384959365
WE,0.8287504680936001
MC,0.8204693236124484
NP,0.8192099797788902
PL_CKSAAP_90,0.7983421162709811
YT,0.7691420838280744
AH,0.7628371983061659
IR,0.740870331318535
LC,0.7164641301292334
HDD,0.701527032809735
PL_CKSAAP_58,0.692364986653037
PL_CTDD_183,0.6918035665264923
PL_CKSAAP_244,0.6898645173381776
PL_CKSAAP_181,0.6886917303701201
EL,0.6814954960771424
DFG,0.6813687084887649
PL_CKSAAP_48,0.6769574371591109
VG,0.6756008224849894
PL_CTDD_26,0.67203321398528
NI,0.6603609990948234
PL_CKSAAP_386,0.6537613263224962
PL_CKSAAP_398,0.6514552813871377
EP,0.6461850532102443
PL_CKSAAP_218,0.6451518377452459
DGG,0.6401364605916393
PL_CKSAAP_366,0.6295212996686442
Z4,0.6260546119479324
PL_CTDD_102,0.613887311850865
FV,0.6134839458936426
SL,0.6069422651906043
GA,0.5981264396261499
HDG,0.5928293703676941
PL_Entropy_0,0.5917500943128488
YG,0.5916545096751015
PL_CTD_200,0.59052949938445
NG,0.5807479319064509
PF,0.5707292897367813
PL_CKSAAP_50,0.5597283737410755
PC,0.5516412886895947
HFD,0.5456961561016315
PL_QSO_SW_22,0.5449889339639229
KW,0.5342316245333837
PL_CTD_129,0.5341827437186605
TF,0.5341747748088739
SFD,0.5334946256368589
PL_APAAC_25,0.5311938620395538
YV,0.5265256286181315
GE,0.5261656838828308
PL_CTDD_50,0.5257761980172947
PL_CTDD_123,0.51814197587666
IC,0.5077907586808653
AL,0.5045718921206606
GM,0.5033554884674979
PL_CKSAAP_235,0.49838379030314206
HSG,0.496976140946353
SSD,0.4967286715827993
AQ,0.4966121391834298
PL_CKSAAP_84,0.4954094670621867
PL_CTDD_73,0.49525761242353233
HC,0.4902706949989982
PL_CKSAAP_205,0.4863594113508463
QW,0.4816965881004156
AM,0.47685419041846483
PL_CKSAAP_79,0.4745698756762855
PI,0.4730372889397843
FY,0.4663484253131174
CE,0.4646956176237271
WG,0.46405349128738455
PL_CKSAAP_131,0.4634337800782295
HGF,0.4629274824590062
PL_CKSAAP_140,0.46169699313008133
RL,0.46016941289084906
PL_CKSAAP_61,0.4586024948741588
PL_CTD_60,0.45739511700859176
TQ,0.4536888266255903
DDH,0.45260155587400774
PL_CTDD_13,0.4513498504648114
PL_CKSAAP_161,0.4492100103327064
PL_CTDD_142,0.4488527203457476
PL_CKSAAP_383,0.44711617689955485
CV,0.4459153359442951
GGH,0.43741042705504674
PL_CKSAAP_26,0.4358540551718776
FFS,0.433935487103127
DFD,0.43345320061170095
SDF,0.4319601554519595
PL_CTD_93,0.43154844509517426
PA,0.4290289057227107
DGF,0.428468482020758
PL_CTDT_10,0.42844950711254487
GF,0.42610199519061454
PL_QSO_Grantham_18,0.42581829648375863
PL_CKSAAP_122,0.4238215755010298
PL_CTDD_151,0.42151721743979387
SG,0.4193336411204392
PL_CTDD_193,0.41746236395764674
VY,0.4172698560837854
FT,0.4117685307393567
WM,0.4099769446827675
PL_CTD_295,0.40576865091519954
DDS,0.40135451867738625
ST2,0.4008977268491804
SQ,0.4008489880550228
KN,0.4000152944012209
PL_CKSAAP_82,0.3967431076071089
PL_CTD_249,0.39563407613288837
PL_CTDD_54,0.39469288337541136
FP,0.39360041716809674
PL_CKSAAP_94,0.3932574803015878
QE,0.39027615105255975
PL_CTD_330,0.3895633200855847
PL_APAAC_20,0.3873883303514159
PE,0.3835544393444482
PL_CTD_213,0.3826131474490743
PL_CKSAAP_226,0.38181084332227416
PL_CKSAAP_360,0.3811857588015795
PL_CKSAAP_339,0.3802175466944297
GDF,0.3797936137318428
TI,0.37780289667356937
WR,0.3777810910537355
PT,0.37755389569326625
GW,0.3774625119871845
PL_CKSAAP_87,0.37510060179060595
PL_CKSAAP_198,0.3739135680691377
PL_CTDD_167,0.37384133905437095
LR,0.37277386262728585
MA,0.37071874624112555
AI,0.3664330509601241
RD,0.36373660554278675
VR,0.35848748812030073
AS,0.35823373382673807
PL_CTDD_146,0.3542140966375446
VH,0.35363726668982304
PL_CTDD_9,0.3503022042830051
PL_CKSAAP_250,0.34586526577946364
EH,0.3456601918529153
FDD,0.3456472008681857
IG,0.34504196822095745
HE,0.34470367098750837
FHF,0.3441999062893131
HW,0.34401569289120715
YA,0.34161720378747895
PL_AAIndex1_95,0.33971912140101207
DL,0.3382029268967101
PL_CKSAAP_86,0.335926531546099
WA,0.3357459546276568
PL_AAIndex1_402,0.334857966443879
DF,0.33297602970854345
W,0.33291452654834175
PL_APAAC_22,0.3311836438284103
ED,0.3306290517995876
PL_CKSAAP_374,0.329674515432462
PL_CKSAAP_52,0.32950161647896764
PL_CKSAAP_150,0.32898998834468984
FD,0.32889048507779295
PL_CKSAAP_307,0.3281919183439573
PL_CKSAAP_113,0.3278095886709814
KA,0.3275011590069293
GDG,0.32526410416729923
PL_CKSAAP_322,0.32365683990545513
HM,0.32358672703252367
EW,0.32351991365599764
PL_APAAC_21,0.3231813521563375
FM,0.32281358406247257
MH,0.3227003967986968
PL_CTD_37,0.32211526001299906
SDD,0.3211294392395714
PL_QSO_SW_21,0.32061955880409804
MT,0.3201498748098625
PS,0.3201172633690642
PL_CTDD_160,0.32004265981997054
KC,0.319660964320939
YE,0.31860217956231235
PL_CTD_116,0.3185147486720483
FGH,0.3164307917471993
PV,0.31561531855861
DDG,0.3144803026480557
PL_CKSAAP_158,0.3127289031018769
YM,0.31235293888266724
PL_CKSAAP_30,0.3117359700917856
EG,0.3095192908817847
PL_AAIndex1_125,0.3092055751621142
PL_CKSAAP_224,0.30628106241740843
PL_CKSAAP_265,0.3057413868655725
CG,0.3048372639694845
PL_CKSAAP_21,0.303777172018767
YC,0.3028758501244362
PL_CKSAAP_378,0.302087993371038
PL_CTDD_162,0.3005863924924349
YW,0.3000342603721032
NS,0.2993913538804289
RN,0.2979950226888215
VT,0.29712302558311193
PL_CTD_252,0.2968954644015914
MSWHIM1,0.29645063194554927
PL_CTD_223,0.29613109130010895
EF,0.2957537022525299
PL_CTDD_22,0.2952172202928451
PL_CKSAAP_288,0.29474854842914444
DH,0.2936724981826858
PL_AAIndex1_134,0.29208568152399844
NC,0.29132032948427683
VP,0.290455662904446
SGS,0.2883296832863263
PL_CKSAAP_44,0.2879450779835909
PL_CTDD_116,0.2861752778588612
GGD,0.2843534386346895
MF,0.2831709994206846
PL_CKSAAP_152,0.2825917245075666
PL_CTD_286,0.2818887009592446
PL_CTD_89,0.281168414275642
PL_CKSAAP_7,0.28084154147565366
DN,0.2803570736299663
PH,0.2790930312521388
QV,0.27728273597062375
PL_CTDD_56,0.27669910090105826
PL_CKSAAP_146,0.2766315961290349
PL_CKSAAP_20,0.27642773436787904
IA,0.2758097122169362
PL_CTDD_188,0.27264697922635445
PL_AAIndex1_408,0.27253556585641275
PL_CKSAAP_219,0.27224526299503876
GG,0.2706510239781764
PL_CTDD_111,0.2706022807351443
GH,0.2681738242653348
PL_CKSAAP_346,0.2681049157624818
LF,0.2669652153513791
ND,0.26541785500526177
RH,0.2643582529902503
WY,0.26435296497125627
MY,0.26405701158961714
PL_AAIndex1_123,0.26383030655529127
PL_CKSAAP_328,0.26371000547259404
PL_CTD_126,0.2626663283812321
ER,0.26207680889699486
PL_CTDD_68,0.26144156163437193
NH,0.2613016544421769
QI,0.26076152004207026
PL_CKSAAP_19,0.2580347169262052
PL_CTD_39,0.25773649331609216
PL_CKSAAP_203,0.2572541858794348
PL_AAIndex1_24,0.25573499389099297
ET,0.2556385401346482
FD.1,0.25549891463361407
DSG,0.2543861580104978
PL_CTD_327,0.2542897270998682
HN,0.25322803492348767
PL_CKSAAP_85,0.252945093492341
GFG,0.2524842503598863
PL_CKSAAP_136,0.25161528101703245
WN,0.25112611045615324
PL_CKSAAP_367,0.25111371593233267
PL_CTD_313,0.2501611505440052
PL_CTDD_179,0.24834032419676336
PL_CKSAAP_121,0.24828922992765512
PL_CTD_27,0.24741407894247192
AF,0.24656058529427574
PL_CTDD_170,0.24540920907797537
DP,0.24465835306055853
PL_CKSAAP_134,0.24459565412492865
VE,0.24441418708948826
HHD,0.24165084014313365
PL_CKSAAP_392,0.23993511150733454
MR,0.2397956777737218
PL_CTD_137,0.23952547306367622
GDS,0.23909261697779918
DGS,0.23875211679890965
PL_CTD_291,0.23853012627568507
SDS,0.2384978124029828
PL_CKSAAP_184,0.23717753427637542
QP,0.23641296583935442
PL_CTD_318,0.23571258073957818
QH,0.23512226265000252
PL_CKSAAP_89,0.23425536170698466
PL_CTD_145,0.23421032045233964
FH,0.23283082001649047
FA,0.23179322286411205
PL_MoreauBroto_0,0.23099129402412613
PL_CKSAAP_111,0.230757471986446
PL_CKSAAP_18,0.2286914789976176
PL_QSO_Grantham_1,0.22669565367657477
PR,0.22627971508684994
PL_Geary_6,0.22616845781195752
PL_CKSAAP_33,0.22576769185855672
PL_AAIndex1_451,0.22558446580773855
PL_CKSAAP_73,0.2254811867261001
SSH,0.22525131061499365
PL_CTD_193,0.22507972664745085
BLOSUM8,0.22457166913593987
PL_AAIndex1_404,0.2239524221396921
PL_CTDD_25,0.2238691519813329
PL_CKSAAP_225,0.2233678508426271
PL_CTD_276,0.2232350372152474
GSD,0.22286355188605741
PL_CKSAAP_362,0.22189001390851326
PL_ATC_atoms_1,0.2208399798138746
GI,0.21809370049076676
WV,0.21765131778855745
DFS,0.21619181563414555
PL_AAIndex1_367,0.21481745800999674
SN,0.21412090822534008
PL_CTD_186,0.21401410722978473
PL_QSO_SW_5,0.21294802803365345
PL_AAIndex1_89,0.21291162432169525
PL_CKSAAP_27,0.21257409935524524
PL_CTD_245,0.21254887491379157
PL_CKSAAP_38,0.21171059619730015
PL_CKSAAP_41,0.21072213575707166
FDS,0.21058107172568027
PL_CTD_76,0.20764283349715135
PL_CTD_123,0.20626054514198958
PL_CTD_85,0.20552475854159838
PL_CKSAAP_114,0.20515375373529998
PL_CTD_204,0.20383848480558714
PL_CKSAAP_138,0.20319509215988887
PL_CKSAAP_384,0.20224400393290556
PL_CTDD_147,0.20133876551065213
PL_CTD_304,0.20122322167052847
GC,0.20111024535340322
PL_CTDD_175,0.19972922064386808
PL_CTD_162,0.1989829177972539
DC,0.19855341916338926
LT,0.19841883871982202
CH,0.19821645631983975
GFD,0.19792589372627795
YN,0.19541492552785175
PL_CTD_182,0.19398807678177224
DHF,0.19287058139014715
PL_AAIndex1_326,0.19180435285091416
WF,0.19098229827939323
PW,0.1904951398739264
YQ,0.18961806325150804
LN,0.18951593327723587
QL,0.1888737423498772
KY,0.1888077530911898
PL_AAIndex1_307,0.18747208383249378
TW,0.18659627527759926
FE,0.18654115542559924
PL_CKSAAP_147,0.18643624486160473
DHG,0.1863679917844664
PL_CKSAAP_66,0.18630343418249487
DHS,0.18477867492246758
PL_CKSAAP_133,0.18376510839273066
CN,0.18357885396043172
PL_CTDD_117,0.1831949873832734
PL_CTDD_172,0.18284873192927528
PL_QSO_SW_20,0.1826596954035542
QD,0.18263493098059191
SDG,0.1825640619434858
PL_CTD_164,0.18189456431770273
PL_CKSAAP_125,0.18079712214189828
PL_CTDD_189,0.18079632838716103
GD.1,0.1807231038215236
GF.1,0.17996093199813518
PL_CTD_316,0.17752643989554112
PL_CTDD_69,0.17712188972749787
PL_CTDD_83,0.17671909799781582
FR,0.17638819051307647
MV,0.17623088326687417
PL_CKSAAP_154,0.1755358700708735
PL_CTDD_89,0.17223716114257137
PL_AAIndex1_119,0.17221223152101495
TP,0.17216980956468572
PL_CTD_170,0.17146824735109034
FN,0.17111645024391275
PL_CTD_13,0.17007771907933206
KG,0.16950614139484863
PL_CKSAAP_24,0.1681093152894707
AD,0.16740950867987492
PL_CTDT_26,0.16725771158054553
PL_CTD_56,0.16694808639979658
PL_CTDC_10,0.1664206319520125
IP,0.16596884892417277
PL_CTDD_165,0.16595357440147437
PL_CKSAAP_306,0.16541072274978616
PL_CTDD_81,0.16505606255976044
AK,0.1643321493046144
PL_CTD_151,0.163953513110376
PL_CTDD_85,0.16332957914436455
PL_CKSAAP_290,0.1630257566576399
TV,0.1629331749541672
PL_CKSAAP_249,0.1628284334294064
PL_CKSAAP_123,0.16264274796573236
PL_CKSAAP_0,0.1611317054948268
VC,0.16055792051044776
PL_CTDD_171,0.15991225179634871
PL_QSO_Grantham_10,0.1597754684391434
PL_CTDD_101,0.15912342846083316
SV,0.1585798999122222
PL_CKSAAP_189,0.1583797478437419
WH,0.15835673552299312
HSS,0.15762332144656957
HV,0.1572073303222243
PL_AAIndex1_403,0.1569648446052627
PL_CTD_110,0.15642025009951033
PL_CKSAAP_287,0.1564161965230897
NN,0.15536135554610905
PL_CTDD_141,0.15492834512220896
SS,0.15444152494328367
LD,0.15417182826710013
PL_CKSAAP_173,0.15378504284559907
PL_CTDD_159,0.15359510882450145
VF,0.15357867817051657
SP,0.15351529113631157
PL_CTD_9,0.15323502380294574
PK,0.1529939380800898
PL_CKSAAP_47,0.1526595275340588
RC,0.15198920959725828
LH,0.15174005845800143
WW,0.1511553847603113
QM,0.1510100793271025
PL_CKSAAP_75,0.1507914538584244
PL_CTD_144,0.15069897459632098
PL_CTD_77,0.1501245374807113
GS,0.14992105470205755
PL_CKSAAP_381,0.1498342281292247
DT,0.1498146234209492
PL_CTD_81,0.14917579703381373
SI,0.1483877928293949
PL_CTD_156,0.1481775251322024
AN,0.14760454769933362
AG,0.14759908506647368
PL_CKSAAP_45,0.1468637861539386
SGH,0.14648266683254466
PL_CKSAAP_333,0.14640007978019598
GQ,0.14635629668030634
QS,0.146133644650507
TL,0.14593172689550368
GN,0.1457700363478585
VN,0.14565914698138946
PL_CKSAAP_361,0.14542998319414904
PL_CKSAAP_99,0.14500101178893804
PL_CTDD_23,0.14475708064127912
PL_CTDD_78,0.1432306661524493
PL_CTDD_31,0.14310360069338057
PL_CTDD_122,0.14242840281192806
PL_AAIndex1_378,0.14115310806750903
PL_CTD_216,0.14110025115336594
PL_CKSAAP_51,0.14107539257220097
PL_CTDD_92,0.1400949759207738
PL_CTDD_138,0.13986188023656668
PL_CKSAAP_11,0.13810409337609558
PL_CKSAAP_266,0.13739122014316052
PL_MoreauBroto_5,0.13718154428531745
PL_CTDD_95,0.13636774743681684
PL_AAIndex1_234,0.1362373011517689
PL_CTD_222,0.135825076145163
PL_CTD_342,0.13566831925810802
GSH,0.13532719230639023
HL,0.1344493636469712
PL_CTDD_18,0.1340300290153258
YR,0.1333558314449563
PY,0.13304065943962567
DDF,0.13289124159685936
PL_CTDD_10,0.1325208014506193
HR,0.13245660222567074
PL_CTDD_169,0.13196379888054074
RM,0.13126579909150954
ST,0.13106208958399784
PL_CTDD_44,0.13001203554936921
SFS,0.1297627937869153
IT,0.12954195474749117
PL_CTD_266,0.12779786346304545
PL_CTD_297,0.12609053720225147
HSF,0.12537854670855175
FC,0.12526633585524627
HFH,0.12443635802207476
DM,0.1241547662414424
WK,0.12404684224800133
VM,0.12379647053477591
PL_CTDD_94,0.12373925267160457
PL_Moran_5,0.1227447295724821
PL_CTD_12,0.12215394199959909
KS,0.1218495568177279
LM,0.12181668649410704
PL_CTD_190,0.11927636410481168
PL_MoreauBroto_7,0.11810783474216582
PL_AAIndex1_69,0.11794319374407818
T4,0.11741286242471194
PL_CKSAAP_71,0.1156701092315134
AV,0.11554320990168244
GHG,0.11488778522674381
PL_CTD_171,0.11487474733926768
HDF,0.11461922146070175
PL_Moran_6,0.1144860797195081
PL_CTD_269,0.11265842078638248
PL_CTD_172,0.11251918901332705
PL_CKSAAP_344,0.11203647808473934
KH,0.11116202597737376
HGS,0.11067898749216919
PL_CKSAAP_326,0.1097461329182287
TC,0.10970256755998166
LS,0.10967876849487261
PL_CKSAAP_318,0.10920219730935013
PL_CTDD_79,0.10833522220780048
PL_CTDD_155,0.10792223862398834
PL_CKSAAP_222,0.10730449231510235
GSF,0.10701332870323325
FDF,0.10589833814999994
PL_CKSAAP_303,0.10541380362974957
PL_CTD_181,0.10524550928142908
PL_CTDD_58,0.10505921061474144
PL_CTD_332,0.10382812847280162
PL_CTDC_34,0.10357793479933866
IF,0.10348836997358433
PM,0.10318319928770041
FFH,0.10271995122067998
HA,0.10229348794590598
PL_AAIndex1_475,0.10142692749682025
PL_CTDT_11,0.10116829358794169
DK,0.10008401715994744
DV,0.09981383869433275
QT,0.09968916932336089
PL_CTD_307,0.09950722410105131
GDH,0.09944390110075936
HHS,0.09915496401759488
ME,0.09822154955162281
PL_CTDD_152,0.09820082090930508
PL_CTD_18,0.09756005068005058
PL_CKSAAP_371,0.09612642851263223
PL_AAIndex1_385,0.09602507001839035
PL_CKSAAP_53,0.09593741691802697
DA,0.09589025334979259
PL_CTD_26,0.09561175199329225
IM,0.09546121931795136
RW,0.09535071259696261
FDG,0.09529604446940146
CQ,0.09461152525922126
PL_CTD_212,0.0945538553760523
PL_CKSAAP_151,0.09440743309179533
PL_CKSAAP_124,0.09268380393823737
PL_CKSAAP_379,0.09256509381486139
FHH,0.09245390813410813
KE,0.09221227632784128
DD,0.09213097955185451
HG,0.09201870966436759
RR,0.09136949312448285
PL_CKSAAP_187,0.09123900000584385
PL_CTDD_143,0.09007645371337977
SFF,0.08906459221727901
ES,0.08891038509424852
PL_CTD_298,0.08813913318839924
PL_CTD_265,0.0877558829084417
PL_CKSAAP_174,0.08738956362241634
DGD,0.08707632837225913
PL_CTDD_91,0.08682930510854349
PL_CTDD_7,0.08587636585782092
FW,0.08581609726237051
DW,0.08577822707576671
CM,0.08554720947320148
PL_CTD_149,0.08503552451546743
PL_Geary_4,0.0846702179249235
FDH,0.08410063882429425
EQ,0.08408883592138423
ProtFP3,0.08359671534077619
PL_QSO_Grantham_20,0.08259653397637157
PL_QSO_SW_1,0.08251505362811425
GK,0.08140008439900816
PL_CTDD_59,0.08122929997012542
PL_CTDD_192,0.08121884334101663
PL_CTD_55,0.08116871490993757
AW,0.08052843165522167
GFF,0.08047306975799391
PL_AAIndex1_0,0.07954673787357874
PL_CTD_45,0.07945363231849444
PL_CKSAAP_279,0.07933760940266928
DGH,0.07892217711088605
GHH,0.07875227979539494
PL_CTDD_191,0.07821610849956742
SE,0.07781413768941635
ProtFP8,0.0767930839097817
PL_AAIndex1_93,0.07572311069262581
PL_CTD_241,0.07545290776758605
PL_CKSAAP_204,0.07470926087232405
FI,0.07460195599701232
PL_CTD_183,0.07450827411840812
EC,0.07448272104825444
PL_CTD_34,0.07411033566232646
PQ,0.07384794724741127
LG,0.07376088044306568
PL_CTD_127,0.07375103452157548
PL_CKSAAP_178,0.0736905896537548
PL_CKSAAP_166,0.07358385646689171
PL_CTDD_164,0.07358035549779587
PL_CKSAAP_217,0.07324569464042616
IN,0.07302507266995391
HHG,0.07268201055940644
PL_CTDD_133,0.07219954146846534
CR,0.07195618320635275
PL_CTD_0,0.07179366626020871
PL_CTDD_190,0.07056962224011515
PL_CKSAAP_370,0.06917874153280004
DG,0.06907950594369408
PL_CTD_217,0.06847270012788564
PL_CKSAAP_12,0.06780228613959083
QY,0.06743969706586926
SHH,0.06709746493478885
HT,0.06676978267732767
PL_CTD_124,0.066601019352877
PL_CKSAAP_390,0.06630928428877747
PL_MoreauBroto_3,0.06616470433494691
PL_CTD_319,0.06614496878659847
PL_CTD_229,0.06609749226914498
KR,0.06584145985758137
PL_CTDD_173,0.06563933253051149
PL_AAIndex1_97,0.06536726133124966
PL_Moran_3,0.06529986266975414
PL_CTDD_12,0.06468271132791863
PL_CKSAAP_336,0.06380103982716044
PL_CKSAAP_280,0.0637235025785424
QR,0.06325117884954537
PL_CKSAAP_28,0.06320802847045212
PL_CTDD_20,0.06318081114412366
PL_CTD_253,0.06282130070324533
WI,0.06219016061244097
CI,0.06167506976814861
PL_CTD_255,0.06127413360813939
IH,0.06071383776146443
PL_CKSAAP_112,0.05905874499249515
PL_CKSAAP_352,0.058332872174164774
IQ,0.05816027142111238
VI,0.05756058786156774
PL_CKSAAP_46,0.056852611076207066
QQ,0.05667396060652126
PL_CTD_272,0.05656396449619259
PL_CTDD_130,0.056500894558917825
PL_CKSAAP_144,0.05626667889716183
LY,0.055951396961682595
EV,0.055773276757141346
PL,0.055660777689783454
FHS,0.05539294719769448
KI,0.055191275746237854
PL_CTDD_72,0.05500619189289344
PD,0.05462684445591042
NK,0.054436954153715175
PL_CTDD_93,0.05411763104727235
PL_CTD_83,0.05288307689153837
PL_CTD_99,0.05257841362808775
IL,0.051114320890702905
PL_CTDD_161,0.05069866685642812
PL_CTD_31,0.05021852036048007
DFF,0.04976200463416538
PL_CTD_293,0.049502255042576146
PL_CTDT_33,0.04919585680737311
HHH,0.048515256971041296
QF,0.04714016289892543
PL_CTD_260,0.04658215952176267
PL_CTD_302,0.04644433688337797
PL_CTDD_66,0.04537548384168728
PL_CTDD_98,0.04495053622790303
PL_CTD_69,0.04468070614316497
PL_CKSAAP_353,0.0445552799235791
SGD,0.04455066962824846
PL_CTDD_15,0.043662337363849814
PL_CTDD_43,0.043354225460498524
FL,0.043110958609279014
MW,0.04290050911346396
PL_AAIndex1_346,0.04279219948084716
NF,0.04277366963983777
CF,0.04264146524806708
PL_CTDD_53,0.04216329889955779
PL_CTDD_145,0.0421166250042722
FQ,0.04204638061435589
PL_CKSAAP_246,0.041494887050590415
TT,0.041343073410715366
HD,0.04095265902296815
PL_Geary_1,0.04039988612492524
PL_CTDD_8,0.0403918200872538
FF.1,0.04022621235277552
PL_CKSAAP_107,0.03967441471582617
PL_CTDD_128,0.0392578744776844
TY,0.038710905694950164
AA,0.03861011834819548
FGS,0.038370281255681
HF,0.03805758784667574
PL_CTDD_180,0.03758941155905964
SFH,0.03697248438033935
PL_Moran_1,0.036538432915071556
PL_CTDD_27,0.03588023189695426
PL_CTD_23,0.035294605956290026
PL_CTDD_115,0.03494291476381244
PL_MoreauBroto_6,0.03480970072659303
PL_AAIndex1_310,0.03457330635206294
PL_CTD_21,0.03430227805563296
PL_CTDD_70,0.033413681494500504
PL_QSO_Grantham_6,0.03330571846098524
RV,0.03268653810292731
QN,0.032152053116267065
PL_CKSAAP_191,0.03210641753450079
PL_CTDD_55,0.03160394159847266
PL_CKSAAP_253,0.03029092312658671
PL_QSO_SW_15,0.029844998050176846
LK,0.028904813537566937
PL_CKSAAP_273,0.02872285838161501
PL_AAIndex1_48,0.028563275029517908
WC,0.02855905460773955
FGG,0.02851586340446233
PL_CTDT_7,0.028331583446573792
PL_CTD_90,0.027796587761483336
PL_AAIndex1_73,0.027720814232707204
PL_QSO_SW_19,0.026677450142126663
DI,0.026442596692562912
II,0.025973162040257507
KK,0.025903305365058596
PL_CTD_221,0.025880927324243408
PL_CTD_157,0.02578983485986428
PL_AAIndex1_300,0.02541579132732196
RP,0.025352250795133036
LQ,0.024908166696437462
SHG,0.024563472130658053
PL_CTD_294,0.024545872179069603
PL_CKSAAP_271,0.024066193375967267
FHG,0.02404999020205096
PL_CKSAAP_229,0.023977513375641003
M,0.023689581971383794
PL_CTDC_28,0.022423054667678174
PL_CKSAAP_267,0.02241357421990998
PL_CTD_301,0.021706382737244886
PL_CKSAAP_72,0.021338010702166222
HSD,0.021284316613525096
PL_CTDD_176,0.021249615613889546
RI,0.020965466262528418
PL_QSO_SW_13,0.020873493267375004
NV,0.020782455416364233
PL_CTDC_5,0.020662449851305824
PL_CTDD_174,0.02040518837741753
PL_CKSAAP_274,0.020355378262212082
PL_CTD_325,0.02011430272273622
VD,0.019924670437121934
RK,0.01982662944549377
PL_CTDD_28,0.01963789866946402
PL_CKSAAP_37,0.019442970479700936
PL_CKSAAP_262,0.019405664516662903
PL_CKSAAP_201,0.01868348632717348
PL_CKSAAP_170,0.018363767320604053
PL_CTDD_158,0.018225885097840656
GD,0.018024197307216723
PL_CTD_259,0.017747078358673955
KT,0.01740574687484639
IS,0.017261335565251324
MD,0.017125259228546155
PL_CKSAAP_200,0.01690896967375651
PL_AAIndex1_200,0.01681648050481272
GFH,0.01669057536244991
FSH,0.016093074488063713
KM,0.015978471047871916
PL_QSO_Grantham_19,0.015715923204385907
PL_CTD_138,0.014610070011384544
FK,0.014296121107631125
PL_CTDT_24,0.014288303590691075
PL_CTDT_30,0.013800114783397733
PL_CKSAAP_278,0.013711559719613778
PL_QSO_SW_6,0.01349549162882646
WT,0.013149754419083429
PL_CTDD_109,0.012969787514441163
PL_CTDD_37,0.0122875316849849
PL_CKSAAP_223,0.011835794530439947
DQ,0.01173680008608923
PL_CKSAAP_365,0.0113389221735311
PL_CTDD_135,0.01121204144885646
NY,0.009863874189755054
PL_CTDD_21,0.00960036432283518
PL_CTD_317,0.009495638843859882
PL_CKSAAP_65,0.00922071429061836
YS,0.009163757860790274
PL_CTDD_5,0.009119622902498275
PL_CTD_235,0.008789740371036697
PL_CTD_242,0.008594318279985563
PL_CKSAAP_216,0.00855874953356344
PL_CTD_311,0.00815975681961375
PL_Geary_3,0.007714758171351846
PL_CTD_275,0.007605655158337787
PL_CTD_308,0.007411603224852344
PL_AAIndex1_104,0.007241793816700737
VW,0.007181737672859925
PL_CTD_163,0.006834214612526234
PL_APAAC_23,0.006706786136642278
YP,0.00653407482756635
PL_CTDD_33,0.0063887873633863175
PL_CKSAAP_299,0.006163781485134819
RS,0.005989146229242528
PL_CTD_2,0.005927526664676851
PL_CTD_226,0.005858021150522403
PL_CTDD_52,0.005639321498444016
PL_CKSAAP_78,0.005075788515230137
PL_CTD_192,0.004641034867863726
VS,0.004468759305506085
PL_CTDT_21,0.0038633219664410564
PL_CTD_63,0.003434476581642021
PL_CTDD_46,0.0030960671118325355
PL_CTD_185,0.00284525603760986
PL_CKSAAP_388,0.002691905848518574
BLOSUM2,0.0025182926806617597
PL_CTD_331,0.001277990541589454
PL_CTDD_41,0.0009076973722870787
GH.1,0.0008371849147480059
TM,0.0002376049854578325
PL_CKSAAP_214,0.0
PL_CKSAAP_373,0.0
PL_CKSAAP_372,0.0
PL_Moran_0,0.0
PL_CKSAAP_369,0.0
PL_CKSAAP_368,0.0
PL_CKSAAP_213,0.0
K,0.0
PL_CKSAAP_209,0.0
PL_CKSAAP_334,0.0
PL_Moran_2,0.0
PL_CKSAAP_208,0.0
PL_CKSAAP_207,0.0
L,0.0
PL_CKSAAP_210,0.0
PL_CKSAAP_375,0.0
PL_CKSAAP_376,0.0
PL_CKSAAP_377,0.0
PL_MoreauBroto_4,0.0
PL_CKSAAP_206,0.0
PL_CKSAAP_380,0.0
PL_MoreauBroto_2,0.0
PL_CKSAAP_382,0.0
PL_MoreauBroto_1,0.0
PL_CTDD_194,0.0
PL_CKSAAP_385,0.0
PL_CKSAAP_331,0.0
PL_CKSAAP_332,0.0
PL_CKSAAP_342,0.0
PL_CKSAAP_343,0.0
PL_CKSAAP_341,0.0
H,0.0
PL_CKSAAP_345,0.0
PL_Geary_7,0.0
PL_CKSAAP_347,0.0
PL_CKSAAP_348,0.0
PL_CKSAAP_349,0.0
PL_CKSAAP_350,0.0
PL_CKSAAP_340,0.0
PL_CKSAAP_351,0.0
PL_PAAC_0,0.0
PL_CKSAAP_212,0.0
PL_CKSAAP_211,0.0
PL_CKSAAP_338,0.0
PL_CKSAAP_354,0.0
PL_CKSAAP_355,0.0
I,0.0
PL_CKSAAP_337,0.0
PL_CKSAAP_356,0.0
PL_CKSAAP_357,0.0
PL_QSO_Grantham_22,0.0
PL_CKSAAP_359,0.0
PL_CKSAAP_335,0.0
PL_Geary_2,0.0
PL_Geary_0,0.0
PL_Moran_7,0.0
PL_CKSAAP_363,0.0
PL_Moran_4,0.0
PL_Geary_5,0.0
PL_CTDD_177,0.0
PL_CTD_33,0.0
PL_CTD_32,0.0
PL_CTDD_178,0.0
PL_CTD_30,0.0
PL_CTD_29,0.0
PL_CKSAAP_192,0.0
PL_CTD_28,0.0
PL_CKSAAP_199,0.0
PL_CKSAAP_193,0.0
PL_CTDD_181,0.0
PL_CTD_25,0.0
PL_CTD_24,0.0
PL_CKSAAP_194,0.0
S,0.0
PL_CTD_22,0.0
PL_CKSAAP_195,0.0
T,0.0
PL_CKSAAP_188,0.0
PL_CTDD_166,0.0
PL_CTD_50,0.0
PL_CTD_49,0.0
PL_CTD_48,0.0
PL_CTDD_168,0.0
PL_CTD_47,0.0
PL_CTD_46,0.0
PL_CTD_35,0.0
PL_CTD_44,0.0
PL_CKSAAP_190,0.0
PL_CTD_43,0.0
PL_CTD_42,0.0
PL_CTD_41,0.0
PL_CTD_40,0.0
V,0.0
PL_CTD_38,0.0
PL_CTD_36,0.0
Y,0.0
PL_CTD_3,0.0
PL_CTD_1,0.0
PL_CTDD_186,0.0
PL_CKSAAP_399,0.0
PL_CTDD_187,0.0
PL_CKSAAP_397,0.0
PL_CKSAAP_396,0.0
PL_CKSAAP_395,0.0
PL_CKSAAP_196,0.0
PL_CKSAAP_393,0.0
PL_CKSAAP_330,0.0
PL_CKSAAP_202,0.0
PL_CKSAAP_391,0.0
P,0.0
PL_CKSAAP_389,0.0
N,0.0
PL_CKSAAP_387,0.0
PL_CKSAAP_394,0.0
PL_CTD_20,0.0
PL_CTD_19,0.0
PL_CTDD_182,0.0
PL_CTD_17,0.0
PL_CKSAAP_197,0.0
PL_CTD_16,0.0
PL_CTD_15,0.0
R,0.0
PL_CTD_4,0.0
PL_CTDD_184,0.0
Q,0.0
PL_CTD_11,0.0
PL_CTD_10,0.0
PL_CTD_8,0.0
PL_CTD_7,0.0
PL_CTD_6,0.0
PL_CTDD_185,0.0
PL_CTD_5,0.0
PL_CTD_14,0.0
PL_CKSAAP_268,0.0
PL_QSO_SW_10,0.0
PL_APAAC_10,0.0
PL_APAAC_11,0.0
PL_APAAC_12,0.0
PL_CKSAAP_264,0.0
PL_QSO_SW_9,0.0
PL_CKSAAP_263,0.0
PL_PAAC_2,0.0
PL_QSO_SW_7,0.0
PL_CKSAAP_261,0.0
PL_CKSAAP_228,0.0
PL_APAAC_13,0.0
PL_CKSAAP_260,0.0
PL_CKSAAP_259,0.0
PL_CKSAAP_258,0.0
PL_CKSAAP_230,0.0
PL_QSO_SW_8,0.0
PL_APAAC_2,0.0
PL_QSO_Grantham_9,0.0
PL_CKSAAP_221,0.0
PL_QSO_Grantham_8,0.0
PL_APAAC_3,0.0
PL_CKSAAP_272,0.0
PL_QSO_Grantham_7,0.0
PL_APAAC_4,0.0
PL_CKSAAP_269,0.0
PL_APAAC_5,0.0
PL_APAAC_6,0.0
PL_QSO_SW_11,0.0
PL_CKSAAP_270,0.0
PL_APAAC_7,0.0
PL_APAAC_8,0.0
PL_CKSAAP_227,0.0
PL_APAAC_9,0.0
PL_QSO_SW_12,0.0
PL_QSO_SW_0,0.0
PL_SOCN_SW_0,0.0
PL_SOCN_SW_1,0.0
PL_CKSAAP_248,0.0
PL_CKSAAP_247,0.0
PL_SOCN_SW_2,0.0
PL_SOCN_Grantham_0,0.0
PL_CKSAAP_245,0.0
PL_CKSAAP_231,0.0
PL_CKSAAP_243,0.0
PL_CKSAAP_237,0.0
PL_CKSAAP_242,0.0
PL_SOCN_Grantham_2,0.0
PL_CKSAAP_241,0.0
PL_CKSAAP_240,0.0
PL_CKSAAP_239,0.0
PL_CKSAAP_238,0.0
PL_SOCN_Grantham_1,0.0
PL_CKSAAP_257,0.0
PL_APAAC_14,0.0
PL_CKSAAP_232,0.0
PL_CKSAAP_233,0.0
PL_CKSAAP_256,0.0
PL_APAAC_15,0.0
PL_CKSAAP_255,0.0
PL_CKSAAP_254,0.0
PL_CKSAAP_236,0.0
PL_QSO_SW_3,0.0
PL_CKSAAP_252,0.0
PL_APAAC_16,0.0
PL_CKSAAP_234,0.0
PL_CKSAAP_251,0.0
PL_APAAC_17,0.0
PL_APAAC_18,0.0
PL_APAAC_19,0.0
PL_QSO_SW_2,0.0
PL_QSO_SW_4,0.0
PL_CKSAAP_309,0.0
PL_CKSAAP_308,0.0
PL_PAAC_4,0.0
PL_CKSAAP_215,0.0
PL_PAAC_5,0.0
PL_CKSAAP_305,0.0
PL_CKSAAP_304,0.0
PL_PAAC_6,0.0
PL_CKSAAP_220,0.0
PL_CKSAAP_302,0.0
PL_CKSAAP_301,0.0
PL_CKSAAP_300,0.0
PL_QSO_Grantham_16,0.0
PL_CKSAAP_298,0.0
PL_PAAC_8,0.0
PL_CKSAAP_297,0.0
PL_CKSAAP_296,0.0
PL_PAAC_7,0.0
PL_CKSAAP_329,0.0
PL_QSO_Grantham_17,0.0
PL_CKSAAP_327,0.0
PL_PAAC_1,0.0
PL_CKSAAP_325,0.0
PL_CKSAAP_324,0.0
PL_CKSAAP_323,0.0
PL_CKSAAP_321,0.0
PL_CKSAAP_310,0.0
PL_CKSAAP_319,0.0
PL_PAAC_3,0.0
PL_CKSAAP_317,0.0
PL_CKSAAP_316,0.0
PL_CKSAAP_315,0.0
PL_CKSAAP_314,0.0
PL_CKSAAP_313,0.0
PL_CKSAAP_312,0.0
PL_CKSAAP_311,0.0
PL_CKSAAP_320,0.0
PL_PAAC_16,0.0
PL_CKSAAP_283,0.0
PL_CKSAAP_282,0.0
PL_PAAC_17,0.0
PL_CKSAAP_281,0.0
PL_PAAC_18,0.0
PL_PAAC_19,0.0
PL_PAAC_20,0.0
PL_CKSAAP_295,0.0
PL_PAAC_22,0.0
PL_APAAC_0,0.0
PL_QSO_Grantham_12,0.0
PL_QSO_Grantham_11,0.0
PL_APAAC_1,0.0
PL_CKSAAP_277,0.0
PL_CKSAAP_276,0.0
PL_CKSAAP_275,0.0
PL_PAAC_21,0.0
PL_CKSAAP_294,0.0
PL_CKSAAP_293,0.0
PL_CKSAAP_292,0.0
PL_PAAC_9,0.0
PL_CKSAAP_291,0.0
PL_PAAC_10,0.0
PL_CKSAAP_289,0.0
PL_PAAC_11,0.0
PL_PAAC_15,0.0
PL_PAAC_12,0.0
PL_QSO_Grantham_14,0.0
PL_CKSAAP_286,0.0
PL_CTDD_163,0.0
PL_QSO_Grantham_13,0.0
PL_CKSAAP_285,0.0
PL_CKSAAP_284,0.0
PL_PAAC_13,0.0
PL_PAAC_14,0.0
PL_QSO_Grantham_15,0.0
PL_CTDD_48,0.0
PL_CTD_312,0.0
PL_CTD_310,0.0
PL_CTD_309,0.0
PL_CTDD_49,0.0
PL_CTDD_51,0.0
PL_CTD_306,0.0
PL_CTD_305,0.0
PL_CTD_303,0.0
PL_CTD_75,0.0
PL_CTD_299,0.0
PL_CTDD_57,0.0
PL_CTDD_60,0.0
PL_CTD_296,0.0
PL_CTDD_61,0.0
PL_CTDD_62,0.0
PL_CTD_292,0.0
PL_CTDD_63,0.0
PL_CTD_290,0.0
PL_CTD_289,0.0
PL_CTD_300,0.0
PL_CTD_338,0.0
PL_CTD_337,0.0
PL_CTD_336,0.0
PL_CTD_335,0.0
PL_CTD_334,0.0
PL_CTD_333,0.0
PL_CTDD_38,0.0
PL_CTD_329,0.0
PL_CTD_328,0.0
PL_CTDD_39,0.0
PL_CTD_314,0.0
PL_CTD_324,0.0
PL_CTD_323,0.0
PL_CTD_322,0.0
PL_CTD_321,0.0
PL_CTD_320,0.0
PL_CTDD_40,0.0
PL_CTDD_42,0.0
PL_CTDD_45,0.0
PL_CTDD_47,0.0
PL_CTD_315,0.0
PL_CTD_326,0.0
PL_CTD_263,0.0
PL_CTD_262,0.0
PL_CTD_261,0.0
PL_CTDD_75,0.0
PL_CTD_258,0.0
PL_CTD_257,0.0
PL_CTD_256,0.0
PL_CTDD_76,0.0
PL_CTD_254,0.0
PL_CTDD_77,0.0
PL_CTD_288,0.0
PL_CTD_251,0.0
PL_CTD_250,0.0
PL_CTDD_82,0.0
PL_CTD_248,0.0
PL_CTD_247,0.0
PL_CTD_246,0.0
PL_CTDD_84,0.0
PL_CTD_244,0.0
PL_CTD_243,0.0
PL_CTDD_86,0.0
PL_CTDD_80,0.0
PL_CTD_287,0.0
PL_CTDD_64,0.0
PL_CTD_285,0.0
PL_CTD_284,0.0
PL_CTD_283,0.0
PL_CTD_282,0.0
PL_CTD_281,0.0
PL_CTD_280,0.0
PL_CTD_279,0.0
PL_CTD_278,0.0
PL_CTD_264,0.0
PL_CTDD_65,0.0
PL_CTD_274,0.0
PL_CTD_273,0.0
PL_CTDD_67,0.0
PL_CTD_271,0.0
PL_CTD_270,0.0
PL_CTD_268,0.0
PL_CTD_267,0.0
PL_CTDD_71,0.0
PL_CTDD_74,0.0
PL_CTD_277,0.0
PL_CTDT_23,0.0
PL_CTDT_22,0.0
PL_CTDT_20,0.0
PL_CTDT_19,0.0
PL_CTDT_18,0.0
PL_CTDT_17,0.0
PL_CTDT_16,0.0
PL_CTDT_15,0.0
PL_CTDT_14,0.0
PL_CTD_339,0.0
PL_CTDT_12,0.0
PL_CTDD_24,0.0
PL_CTDT_9,0.0
PL_CTDT_8,0.0
PL_CTDT_6,0.0
PL_CTDT_5,0.0
PL_CTDT_4,0.0
PL_CTDT_3,0.0
PL_CTDT_2,0.0
PL_CTDT_1,0.0
PL_CTDT_13,0.0
PL_CTDD_11,0.0
PL_CTDD_14,0.0
PL_CTDD_16,0.0
PL_CTDD_6,0.0
PL_CTDD_4,0.0
PL_CTDD_3,0.0
PL_CTDD_2,0.0
PL_CTDD_1,0.0
PL_CTDD_0,0.0
PL_CTDT_38,0.0
PL_CTDT_25,0.0
PL_CTDT_36,0.0
PL_CTDT_35,0.0
PL_CTDT_34,0.0
PL_CTDD_17,0.0
PL_CTDT_32,0.0
PL_CTDT_31,0.0
PL_CTDT_29,0.0
PL_CTDT_28,0.0
PL_CTDT_27,0.0
PL_CTDD_19,0.0
PL_CTDT_37,0.0
PL_CTDC_15,0.0
PL_CTDC_14,0.0
PL_CTDC_13,0.0
PL_CTDC_12,0.0
PL_CTDC_11,0.0
PL_CTDD_30,0.0
PL_CTDC_9,0.0
PL_CTDC_8,0.0
PL_CTDC_7,0.0
PL_CTDC_6,0.0
PL_CTDT_0,0.0
PL_CTDC_3,0.0
PL_CTDC_2,0.0
PL_CTDD_32,0.0
PL_CTDC_1,0.0
PL_CTDC_0,0.0
PL_CTDD_34,0.0
PL_CTD_341,0.0
PL_CTDD_35,0.0
PL_CTD_340,0.0
PL_CTDD_36,0.0
PL_CTDC_4,0.0
PL_CTDC_38,0.0
PL_CTDC_37,0.0
PL_CTDC_36,0.0
PL_CTDC_35,0.0
PL_CTDC_33,0.0
PL_CTDC_32,0.0
PL_CTDC_31,0.0
PL_CTDC_30,0.0
PL_CTDC_29,0.0
PL_CTDC_27,0.0
PL_CTDC_16,0.0
PL_CTDC_25,0.0
PL_CTDC_24,0.0
PL_CTDC_23,0.0
PL_CTDC_22,0.0
PL_CTDC_21,0.0
PL_CTDC_20,0.0
PL_CTDD_29,0.0
PL_CTDC_19,0.0
PL_CTDC_18,0.0
PL_CTDC_17,0.0
PL_CTDC_26,0.0
PL_CTD_119,0.0
PL_CTD_118,0.0
PL_CTD_117,0.0
PL_CTD_115,0.0
PL_CTD_114,0.0
PL_CTD_113,0.0
PL_CTD_112,0.0
PL_CTD_111,0.0
PL_CTDD_136,0.0
PL_CTD_240,0.0
PL_CTD_108,0.0
PL_CTD_107,0.0
PL_CTD_106,0.0
PL_CTD_105,0.0
PL_CTD_104,0.0
PL_CTD_103,0.0
PL_CTDD_137,0.0
PL_CTD_102,0.0
PL_CTD_101,0.0
PL_CTD_100,0.0
PL_CTD_109,0.0
PL_CTD_142,0.0
PL_CTD_141,0.0
PL_CTD_140,0.0
PL_CTD_139,0.0
PL_CTDD_126,0.0
PL_CTDD_127,0.0
PL_CTD_136,0.0
PL_CTD_135,0.0
PL_CTD_134,0.0
PL_CTD_133,0.0
PL_CTD_120,0.0
PL_CTD_131,0.0
PL_CTD_130,0.0
PL_CTDD_129,0.0
PL_CTD_128,0.0
PL_CTDD_131,0.0
PL_CTDD_132,0.0
PL_CTD_125,0.0
PL_CTDD_134,0.0
PL_CTD_122,0.0
PL_CTD_121,0.0
PL_CTD_132,0.0
PL_CTD_72,0.0
PL_CTD_71,0.0
PL_CTD_70,0.0
PL_CTDD_153,0.0
PL_CTD_68,0.0
PL_CTD_67,0.0
PL_CTDD_154,0.0
PL_CTD_66,0.0
PL_CTD_65,0.0
PL_CTD_64,0.0
PL_CTDD_139,0.0
PL_CTD_61,0.0
PL_CTD_59,0.0
PL_CTD_58,0.0
PL_CTD_57,0.0
PL_CTDD_156,0.0
PL_CTDD_157,0.0
PL_CTD_54,0.0
PL_CTD_53,0.0
PL_CTD_52,0.0
PL_CTD_51,0.0
PL_CTD_62,0.0
PL_CTD_98,0.0
PL_CTD_97,0.0
PL_CTD_96,0.0
PL_CTD_95,0.0
PL_CTD_94,0.0
PL_CTD_92,0.0
PL_CTD_91,0.0
PL_CTDD_140,0.0
PL_CTD_88,0.0
PL_CTD_87,0.0
PL_CTDD_150,0.0
PL_CTD_84,0.0
PL_CTDD_144,0.0
PL_CTD_82,0.0
PL_CTDD_148,0.0
PL_CTD_80,0.0
PL_CTD_79,0.0
PL_CTD_78,0.0
PL_CTDD_149,0.0
PL_CTD_74,0.0
PL_CTD_73,0.0
PL_CTD_86,0.0
PL_CTDD_99,0.0
PL_CTDD_100,0.0
PL_CTD_211,0.0
PL_CTD_210,0.0
PL_CTDD_103,0.0
PL_CTD_209,0.0
PL_CTD_208,0.0
PL_CTD_207,0.0
PL_CTD_206,0.0
PL_CTD_143,0.0
PL_CTDD_104,0.0
PL_CTD_203,0.0
PL_CTD_202,0.0
PL_CTD_201,0.0
PL_CTDD_105,0.0
PL_CTD_199,0.0
PL_CTD_198,0.0
PL_CTD_197,0.0
PL_CTD_196,0.0
PL_CTD_195,0.0
PL_CTD_205,0.0
PL_CTD_239,0.0
PL_CTD_238,0.0
PL_CTD_237,0.0
PL_CTD_236,0.0
PL_CTD_234,0.0
PL_CTD_233,0.0
PL_CTD_232,0.0
PL_CTD_231,0.0
PL_CTD_230,0.0
PL_CTDD_87,0.0
PL_CTD_214,0.0
PL_CTD_227,0.0
PL_CTD_225,0.0
PL_CTD_224,0.0
PL_CTDD_90,0.0
PL_CTD_220,0.0
PL_CTD_219,0.0
PL_CTD_218,0.0
PL_CTDD_96,0.0
PL_CTDD_97,0.0
PL_CTD_215,0.0
PL_CTD_228,0.0
PL_CTD_167,0.0
PL_CTD_166,0.0
PL_CTD_165,0.0
PL_CTDD_118,0.0
PL_CTDD_119,0.0
PL_CTD_161,0.0
PL_CTD_160,0.0
PL_CTD_159,0.0
PL_CTD_158,0.0
PL_CTDD_120,0.0
PL_CTD_194,0.0
PL_CTD_154,0.0
PL_CTD_153,0.0
PL_CTD_152,0.0
PL_CTDD_121,0.0
PL_CTD_150,0.0
PL_CTD_148,0.0
PL_CTD_147,0.0
PL_CTD_146,0.0
PL_CTDD_124,0.0
PL_CTDD_125,0.0
PL_CTD_155,0.0
PL_CTDD_106,0.0
PL_CTD_191,0.0
PL_CTDD_107,0.0
PL_CTD_189,0.0
PL_CTD_188,0.0
PL_CTD_187,0.0
PL_CTDD_108,0.0
PL_CTD_184,0.0
PL_CTDD_110,0.0
PL_CTDD_112,0.0
PL_CTD_168,0.0
PL_CTD_179,0.0
PL_CTD_178,0.0
PL_CTD_177,0.0
PL_CTD_176,0.0
PL_CTD_175,0.0
PL_CTD_174,0.0
PL_CTD_173,0.0
PL_CTDD_113,0.0
PL_CTDD_114,0.0
PL_CTD_169,0.0
PL_CTD_180,0.0
PL_AAIndex1_15,0.0
PL_AAIndex1_14,0.0
PL_AAIndex1_13,0.0
PL_AAIndex1_12,0.0
PL_AAIndex1_11,0.0
PL_AAIndex1_10,0.0
PL_AAIndex1_9,0.0
PL_AAIndex1_8,0.0
PL_AAIndex1_7,0.0
PL_AAIndex1_6,0.0
PL_AAIndex1_5,0.0
PL_AAIndex1_4,0.0
PL_AAIndex1_3,0.0
PL_AAIndex1_508,0.0
PL_AAIndex1_1,0.0
Z5,0.0
Z3,0.0
Z2,0.0
Z1,0.0
VSTPV6,0.0
VSTPV5,0.0
VSTPV4,0.0
VSTPV3,0.0
VSTPV2,0.0
VSTPV1,0.0
VHSE8,0.0
VHSE7,0.0
VHSE6,0.0
PL_AAIndex1_2,0.0
PL_AAIndex1_46,0.0
PL_AAIndex1_45,0.0
PL_AAIndex1_44,0.0
PL_AAIndex1_43,0.0
PL_AAIndex1_42,0.0
PL_AAIndex1_41,0.0
PL_AAIndex1_40,0.0
PL_AAIndex1_39,0.0
PL_AAIndex1_38,0.0
PL_AAIndex1_37,0.0
PL_AAIndex1_36,0.0
PL_AAIndex1_35,0.0
PL_AAIndex1_34,0.0
PL_AAIndex1_33,0.0
PL_AAIndex1_16,0.0
PL_AAIndex1_31,0.0
PL_AAIndex1_30,0.0
PL_AAIndex1_29,0.0
PL_AAIndex1_28,0.0
PL_AAIndex1_27,0.0
PL_AAIndex1_26,0.0
PL_AAIndex1_25,0.0
PL_AAIndex1_23,0.0
PL_AAIndex1_22,0.0
PL_AAIndex1_21,0.0
PL_AAIndex1_20,0.0
PL_AAIndex1_19,0.0
PL_AAIndex1_18,0.0
PL_AAIndex1_17,0.0
PL_AAIndex1_32,0.0
ProtFP7,0.0
ProtFP6,0.0
ProtFP5,0.0
ProtFP4,0.0
ProtFP2,0.0
ProtFP1,0.0
PRIN3,0.0
PRIN2,0.0
PRIN1,0.0
PD2,0.0
PD1,0.0
E5,0.0
E4,0.0
E3,0.0
VHSE5,0.0
E1,0.0
MSWHIM3,0.0
MSWHIM2,0.0
KF10,0.0
KF9,0.0
KF8,0.0
KF7,0.0
KF6,0.0
KF5,0.0
KF4,0.0
KF3,0.0
KF2,0.0
KF1,0.0
F6,0.0
E2,0.0
VHSE4,0.0
VHSE3,0.0
VHSE2,0.0
VHSE1,0.0
T5,0.0
T3,0.0
T2,0.0
T1,0.0
SVGER11,0.0
SVGER10,0.0
SVGER9,0.0
SVGER8,0.0
SVGER7,0.0
SVGER6,0.0
SV1,0.0
SVGER4,0.0
SVGER3,0.0
SVGER2,0.0
SVGER1,0.0
ST8,0.0
ST7,0.0
ST6,0.0
ST5,0.0
ST4,0.0
ST3,0.0
ST1,0.0
SV4,0.0
SV3,0.0
SV2,0.0
SVGER5,0.0
PL_AAIndex1_147,0.0
PL_AAIndex1_146,0.0
PL_AAIndex1_145,0.0
PL_AAIndex1_144,0.0
PL_AAIndex1_143,0.0
PL_AAIndex1_142,0.0
PL_AAIndex1_141,0.0
PL_AAIndex1_140,0.0
PL_AAIndex1_139,0.0
PL_AAIndex1_138,0.0
PL_AAIndex1_137,0.0
PL_AAIndex1_136,0.0
PL_AAIndex1_135,0.0
PL_AAIndex1_47,0.0
PL_AAIndex1_132,0.0
PL_AAIndex1_131,0.0
PL_AAIndex1_130,0.0
PL_AAIndex1_129,0.0
PL_AAIndex1_128,0.0
PL_AAIndex1_127,0.0
PL_AAIndex1_126,0.0
PL_AAIndex1_124,0.0
PL_AAIndex1_122,0.0
PL_AAIndex1_121,0.0
PL_AAIndex1_120,0.0
PL_AAIndex1_118,0.0
PL_AAIndex1_117,0.0
PL_AAIndex1_116,0.0
PL_AAIndex1_133,0.0
PL_AAIndex1_177,0.0
PL_AAIndex1_176,0.0
PL_AAIndex1_175,0.0
PL_AAIndex1_174,0.0
PL_AAIndex1_173,0.0
PL_AAIndex1_172,0.0
PL_AAIndex1_171,0.0
PL_AAIndex1_170,0.0
PL_AAIndex1_169,0.0
PL_AAIndex1_168,0.0
PL_AAIndex1_167,0.0
PL_AAIndex1_166,0.0
PL_AAIndex1_165,0.0
PL_AAIndex1_164,0.0
PL_AAIndex1_148,0.0
PL_AAIndex1_162,0.0
PL_AAIndex1_161,0.0
PL_AAIndex1_160,0.0
PL_AAIndex1_159,0.0
PL_AAIndex1_158,0.0
PL_AAIndex1_157,0.0
PL_AAIndex1_156,0.0
PL_AAIndex1_155,0.0
PL_AAIndex1_154,0.0
PL_AAIndex1_153,0.0
PL_AAIndex1_152,0.0
PL_AAIndex1_151,0.0
PL_AAIndex1_150,0.0
PL_AAIndex1_149,0.0
PL_AAIndex1_163,0.0
PL_AAIndex1_79,0.0
PL_AAIndex1_78,0.0
PL_AAIndex1_77,0.0
PL_AAIndex1_76,0.0
PL_AAIndex1_75,0.0
PL_AAIndex1_74,0.0
PL_AAIndex1_72,0.0
PL_AAIndex1_71,0.0
PL_AAIndex1_70,0.0
PL_AAIndex1_68,0.0
PL_AAIndex1_67,0.0
PL_AAIndex1_66,0.0
PL_AAIndex1_65,0.0
PL_AAIndex1_64,0.0
PL_AAIndex1_115,0.0
PL_AAIndex1_62,0.0
PL_AAIndex1_61,0.0
PL_AAIndex1_60,0.0
PL_AAIndex1_59,0.0
PL_AAIndex1_58,0.0
PL_AAIndex1_57,0.0
PL_AAIndex1_56,0.0
PL_AAIndex1_55,0.0
PL_AAIndex1_54,0.0
PL_AAIndex1_53,0.0
PL_AAIndex1_52,0.0
PL_AAIndex1_51,0.0
PL_AAIndex1_50,0.0
PL_AAIndex1_49,0.0
PL_AAIndex1_63,0.0
PL_AAIndex1_114,0.0
PL_AAIndex1_113,0.0
PL_AAIndex1_112,0.0
PL_AAIndex1_111,0.0
PL_AAIndex1_110,0.0
PL_AAIndex1_109,0.0
PL_AAIndex1_108,0.0
PL_AAIndex1_107,0.0
PL_AAIndex1_106,0.0
PL_AAIndex1_105,0.0
PL_AAIndex1_103,0.0
PL_AAIndex1_102,0.0
PL_AAIndex1_101,0.0
PL_AAIndex1_100,0.0
PL_AAIndex1_80,0.0
PL_AAIndex1_98,0.0
PL_AAIndex1_96,0.0
PL_AAIndex1_94,0.0
PL_AAIndex1_92,0.0
PL_AAIndex1_91,0.0
PL_AAIndex1_90,0.0
PL_AAIndex1_88,0.0
PL_AAIndex1_87,0.0
PL_AAIndex1_86,0.0
PL_AAIndex1_85,0.0
PL_AAIndex1_84,0.0
PL_AAIndex1_83,0.0
PL_AAIndex1_82,0.0
PL_AAIndex1_81,0.0
PL_AAIndex1_99,0.0
NW,0.0
NT,0.0
NR,0.0
NQ,0.0
NM,0.0
NL,0.0
NE,0.0
NA,0.0
MS,0.0
MQ,0.0
MP,0.0
MN,0.0
ML,0.0
F5,0.0
MI,0.0
MG,0.0
LW,0.0
LV,0.0
LP,0.0
LL,0.0
LI,0.0
LE,0.0
LA,0.0
KV,0.0
KQ,0.0
KP,0.0
KL,0.0
KF,0.0
MK,0.0
TN,0.0
TK,0.0
TH,0.0
TE,0.0
TD,0.0
TA,0.0
SY,0.0
SW,0.0
SR,0.0
SM,0.0
SK,0.0
SH,0.0
SF,0.0
SD,0.0
PG,0.0
SA,0.0
RY,0.0
RT,0.0
RQ,0.0
RG,0.0
RF,0.0
RE,0.0
RA,0.0
QK,0.0
QG,0.0
QC,0.0
QA,0.0
PP,0.0
PN,0.0
SC,0.0
DE,0.0
CY,0.0
CT,0.0
CS,0.0
CL,0.0
CK,0.0
CD,0.0
CC,0.0
CA,0.0
AY,0.0
AT,0.0
AR,0.0
AP,0.0
AE,0.0
KD,0.0
PL_QSO_Grantham_4,0.0
PL_QSO_Grantham_3,0.0
PL_QSO_Grantham_2,0.0
PL_QSO_Grantham_0,0.0
PL_QSO_SW_18,0.0
PL_QSO_SW_17,0.0
PL_QSO_SW_16,0.0
A,0.0
AC,0.0
PL_QSO_SW_14,0.0
G,0.0
F,0.0
E,0.0
D,0.0
PL_QSO_Grantham_5,0.0
IY,0.0
IW,0.0
IV,0.0
IK,0.0
IE,0.0
ID,0.0
HY,0.0
HS,0.0
HQ,0.0
HP,0.0
HK,0.0
HI,0.0
HH,0.0
GY,0.0
DR,0.0
GR,0.0
GP,0.0
GL,0.0
FS,0.0
FF,0.0
EY,0.0
EN,0.0
EM,0.0
EK,0.0
EI,0.0
EE,0.0
EA,0.0
DY,0.0
DS,0.0
GV,0.0
DHD,0.0
DHH,0.0
DSD,0.0
DSH,0.0
DSS,0.0
DSF,0.0
DFH,0.0
HDH,0.0
HDS,0.0
HHF,0.0
HSH,0.0
HFS,0.0
HFF,0.0
TR,0.0
HGD,0.0
HGH,0.0
HGG,0.0
SDH,0.0
SHD,0.0
SHS,0.0
SHF,0.0
SSS,0.0
SSF,0.0
SSG,0.0
SFG,0.0
SGF,0.0
SGG,0.0
FHD,0.0
HFG,0.0
F4,0.0
F3,0.0
F2,0.0
F1,0.0
PP3,0.0
PP2,0.0
PP1,0.0
BLOSUM10,0.0
BLOSUM9,0.0
BLOSUM7,0.0
BLOSUM6,0.0
BLOSUM5,0.0
BLOSUM4,0.0
BLOSUM3,0.0
DDD,0.0
AF5,0.0
AF4,0.0
AF3,0.0
AF2,0.0
AF1,0.0
Gravy,0.0
Turn,0.0
Sheet,0.0
Helix,0.0
Flexibility,0.0
InstabilityIndex,0.0
Aromaticity,0.0
IsoelectricPoint,0.0
MolecularWeight,0.0
BLOSUM1,0.0
SS.1,0.0
SF.1,0.0
SG.1,0.0
FH.1,0.0
FS.1,0.0
FG.1,0.0
GS.1,0.0
GG.1,0.0
D.1,0.0
H.1,0.0
S.1,0.0
F.1,0.0
G.1,0.0
YY,0.0
FSD,0.0
YK,0.0
YI,0.0
YH,0.0
YF,0.0
YD,0.0
WQ,0.0
WL,0.0
WD,0.0
VV,0.0
VQ,0.0
VL,0.0
VK,0.0
VA,0.0
TS,0.0
YL,0.0
FSS,0.0
FSF,0.0
FSG,0.0
FFD,0.0
FFF,0.0
FFG,0.0
FGD,0.0
FGF,0.0
GDD,0.0
GHD,0.0
GHS,0.0
GHF,0.0
GSS,0.0
GSG,0.0
SH.1,0.0
GGS,0.0
GGF,0.0
GGG,0.0
DD.1,0.0
DH.1,0.0
DS.1,0.0
DF.1,0.0
DG.1,0.0
HD.1,0.0
HH.1,0.0
HS.1,0.0
HF.1,0.0
HG.1,0.0
SD.1,0.0
GFS,0.0
PL_AAIndex1_520,0.0
PL_AAIndex1_519,0.0
PL_AAIndex1_518,0.0
PL_AAIndex1_517,0.0
PL_AAIndex1_516,0.0
PL_AAIndex1_515,0.0
PL_AAIndex1_514,0.0
PL_AAIndex1_513,0.0
PL_AAIndex1_512,0.0
PL_AAIndex1_511,0.0
PL_AAIndex1_510,0.0
PL_AAIndex1_509,0.0
C,0.0
PL_AAIndex1_178,0.0
PL_AAIndex1_506,0.0
PL_AAIndex1_505,0.0
PL_AAIndex1_504,0.0
PL_AAIndex1_503,0.0
PL_AAIndex1_502,0.0
PL_AAIndex1_501,0.0
PL_AAIndex1_500,0.0
PL_AAIndex1_499,0.0
PL_AAIndex1_498,0.0
PL_AAIndex1_497,0.0
PL_AAIndex1_496,0.0
PL_AAIndex1_495,0.0
PL_AAIndex1_494,0.0
PL_AAIndex1_493,0.0
PL_AAIndex1_507,0.0
PL_AAIndex1_550,0.0
PL_AAIndex1_549,0.0
PL_AAIndex1_548,0.0
PL_AAIndex1_547,0.0
PL_AAIndex1_546,0.0
PL_AAIndex1_545,0.0
PL_AAIndex1_544,0.0
PL_AAIndex1_543,0.0
PL_AAIndex1_542,0.0
PL_AAIndex1_541,0.0
PL_AAIndex1_540,0.0
PL_AAIndex1_539,0.0
PL_AAIndex1_538,0.0
PL_AAIndex1_537,0.0
PL_AAIndex1_521,0.0
PL_AAIndex1_535,0.0
PL_AAIndex1_534,0.0
PL_AAIndex1_533,0.0
PL_AAIndex1_532,0.0
PL_AAIndex1_531,0.0
PL_AAIndex1_530,0.0
PL_AAIndex1_529,0.0
PL_AAIndex1_528,0.0
PL_AAIndex1_527,0.0
PL_AAIndex1_526,0.0
PL_AAIndex1_525,0.0
PL_AAIndex1_524,0.0
PL_AAIndex1_523,0.0
PL_AAIndex1_522,0.0
PL_AAIndex1_536,0.0
PL_AAIndex1_460,0.0
PL_AAIndex1_459,0.0
PL_AAIndex1_458,0.0
PL_AAIndex1_457,0.0
PL_AAIndex1_456,0.0
PL_AAIndex1_455,0.0
PL_AAIndex1_454,0.0
PL_AAIndex1_453,0.0
PL_AAIndex1_452,0.0
PL_AAIndex1_450,0.0
PL_AAIndex1_449,0.0
PL_AAIndex1_448,0.0
PL_AAIndex1_447,0.0
PL_AAIndex1_446,0.0
PL_AAIndex1_492,0.0
PL_AAIndex1_444,0.0
PL_AAIndex1_443,0.0
PL_AAIndex1_442,0.0
PL_AAIndex1_441,0.0
PL_AAIndex1_440,0.0
PL_AAIndex1_439,0.0
PL_AAIndex1_438,0.0
PL_AAIndex1_437,0.0
PL_AAIndex1_436,0.0
PL_AAIndex1_435,0.0
PL_AAIndex1_434,0.0
PL_AAIndex1_433,0.0
PL_AAIndex1_432,0.0
PL_AAIndex1_431,0.0
PL_AAIndex1_445,0.0
PL_AAIndex1_491,0.0
PL_AAIndex1_490,0.0
PL_AAIndex1_489,0.0
PL_AAIndex1_488,0.0
PL_AAIndex1_487,0.0
PL_AAIndex1_486,0.0
PL_AAIndex1_485,0.0
PL_AAIndex1_484,0.0
PL_AAIndex1_483,0.0
PL_AAIndex1_482,0.0
PL_AAIndex1_481,0.0
PL_AAIndex1_480,0.0
PL_AAIndex1_479,0.0
PL_AAIndex1_478,0.0
PL_AAIndex1_461,0.0
PL_AAIndex1_476,0.0
PL_AAIndex1_474,0.0
PL_AAIndex1_473,0.0
PL_AAIndex1_472,0.0
PL_AAIndex1_471,0.0
PL_AAIndex1_470,0.0
PL_AAIndex1_469,0.0
PL_AAIndex1_468,0.0
PL_AAIndex1_467,0.0
PL_AAIndex1_466,0.0
PL_AAIndex1_465,0.0
PL_AAIndex1_464,0.0
PL_AAIndex1_463,0.0
PL_AAIndex1_462,0.0
PL_AAIndex1_477,0.0
PL_CKSAAP_139,0.0
PL_CKSAAP_137,0.0
PL_CKSAAP_135,0.0
PL_CKSAAP_132,0.0
PL_CKSAAP_130,0.0
PL_CKSAAP_129,0.0
PL_CKSAAP_128,0.0
PL_CKSAAP_127,0.0
PL_CKSAAP_126,0.0
PL_CKSAAP_120,0.0
PL_CKSAAP_119,0.0
PL_CKSAAP_118,0.0
PL_CKSAAP_117,0.0
PL_AAIndex1_551,0.0
PL_CKSAAP_115,0.0
PL_CKSAAP_110,0.0
PL_CKSAAP_109,0.0
PL_CKSAAP_108,0.0
PL_CKSAAP_106,0.0
PL_CKSAAP_105,0.0
PL_CKSAAP_104,0.0
PL_CKSAAP_103,0.0
PL_CKSAAP_102,0.0
PL_CKSAAP_100,0.0
PL_CKSAAP_98,0.0
PL_CKSAAP_97,0.0
PL_CKSAAP_96,0.0
PL_CKSAAP_95,0.0
PL_CKSAAP_116,0.0
PL_CKSAAP_186,0.0
PL_CKSAAP_185,0.0
PL_CKSAAP_183,0.0
PL_CKSAAP_182,0.0
PL_CKSAAP_180,0.0
PL_CKSAAP_179,0.0
PL_CKSAAP_177,0.0
PL_CKSAAP_176,0.0
PL_CKSAAP_175,0.0
PL_CKSAAP_172,0.0
PL_CKSAAP_171,0.0
PL_CKSAAP_169,0.0
PL_CKSAAP_168,0.0
PL_CKSAAP_167,0.0
PL_CKSAAP_141,0.0
PL_CKSAAP_164,0.0
PL_CKSAAP_163,0.0
PL_CKSAAP_162,0.0
PL_CKSAAP_160,0.0
PL_CKSAAP_159,0.0
PL_CKSAAP_157,0.0
PL_CKSAAP_156,0.0
PL_CKSAAP_155,0.0
PL_CKSAAP_153,0.0
PL_CKSAAP_149,0.0
PL_CKSAAP_148,0.0
PL_CKSAAP_145,0.0
PL_CKSAAP_143,0.0
PL_CKSAAP_142,0.0
PL_CKSAAP_165,0.0
PL_CKSAAP_32,0.0
PL_CKSAAP_31,0.0
PL_CKSAAP_29,0.0
PL_CKSAAP_25,0.0
PL_CKSAAP_23,0.0
PL_CKSAAP_22,0.0
PL_CKSAAP_17,0.0
PL_CKSAAP_16,0.0
PL_CKSAAP_15,0.0
PL_CKSAAP_14,0.0
PL_CKSAAP_13,0.0
PL_CKSAAP_10,0.0
PL_CKSAAP_9,0.0
PL_CKSAAP_8,0.0
PL_CKSAAP_93,0.0
PL_CKSAAP_5,0.0
PL_CKSAAP_4,0.0
PL_CKSAAP_3,0.0
PL_CKSAAP_2,0.0
PL_CKSAAP_1,0.0
PL_ATC_bonds_2,0.0
PL_ATC_bonds_1,0.0
PL_ATC_bonds_0,0.0
PL_ATC_atoms_4,0.0
PL_ATC_atoms_3,0.0
PL_ATC_atoms_2,0.0
PL_ATC_atoms_0,0.0
PL_Motif_0,0.0
PL_AAIndex1_552,0.0
PL_CKSAAP_6,0.0
PL_CKSAAP_92,0.0
PL_CKSAAP_91,0.0
PL_CKSAAP_88,0.0
PL_CKSAAP_83,0.0
PL_CKSAAP_81,0.0
PL_CKSAAP_80,0.0
PL_CKSAAP_77,0.0
PL_CKSAAP_76,0.0
PL_CKSAAP_74,0.0
PL_CKSAAP_70,0.0
PL_CKSAAP_69,0.0
PL_CKSAAP_68,0.0
PL_CKSAAP_67,0.0
PL_CKSAAP_64,0.0
PL_CKSAAP_34,0.0
PL_CKSAAP_62,0.0
PL_CKSAAP_60,0.0
PL_CKSAAP_59,0.0
PL_CKSAAP_57,0.0
PL_CKSAAP_56,0.0
PL_CKSAAP_55,0.0
PL_CKSAAP_54,0.0
PL_CKSAAP_49,0.0
PL_CKSAAP_43,0.0
PL_CKSAAP_42,0.0
PL_CKSAAP_40,0.0
PL_CKSAAP_39,0.0
PL_CKSAAP_36,0.0
PL_CKSAAP_35,0.0
PL_CKSAAP_63,0.0
PL_AAIndex1_268,0.0
PL_AAIndex1_267,0.0
PL_AAIndex1_266,0.0
PL_AAIndex1_265,0.0
PL_AAIndex1_264,0.0
PL_AAIndex1_263,0.0
PL_AAIndex1_262,0.0
PL_AAIndex1_261,0.0
PL_AAIndex1_260,0.0
PL_AAIndex1_259,0.0
PL_AAIndex1_258,0.0
PL_AAIndex1_257,0.0
PL_AAIndex1_256,0.0
PL_AAIndex1_430,0.0
PL_AAIndex1_254,0.0
PL_AAIndex1_253,0.0
PL_AAIndex1_252,0.0
PL_AAIndex1_251,0.0
PL_AAIndex1_250,0.0
PL_AAIndex1_249,0.0
PL_AAIndex1_248,0.0
PL_AAIndex1_247,0.0
PL_AAIndex1_246,0.0
PL_AAIndex1_245,0.0
PL_AAIndex1_244,0.0
PL_AAIndex1_243,0.0
PL_AAIndex1_242,0.0
PL_AAIndex1_241,0.0
PL_AAIndex1_255,0.0
PL_AAIndex1_298,0.0
PL_AAIndex1_297,0.0
PL_AAIndex1_296,0.0
PL_AAIndex1_295,0.0
PL_AAIndex1_294,0.0
PL_AAIndex1_293,0.0
PL_AAIndex1_292,0.0
PL_AAIndex1_291,0.0
PL_AAIndex1_290,0.0
PL_AAIndex1_289,0.0
PL_AAIndex1_288,0.0
PL_AAIndex1_287,0.0
PL_AAIndex1_286,0.0
PL_AAIndex1_285,0.0
PL_AAIndex1_269,0.0
PL_AAIndex1_283,0.0
PL_AAIndex1_282,0.0
PL_AAIndex1_281,0.0
PL_AAIndex1_280,0.0
PL_AAIndex1_279,0.0
PL_AAIndex1_278,0.0
PL_AAIndex1_277,0.0
PL_AAIndex1_276,0.0
PL_AAIndex1_275,0.0
PL_AAIndex1_274,0.0
PL_AAIndex1_273,0.0
PL_AAIndex1_272,0.0
PL_AAIndex1_271,0.0
PL_AAIndex1_270,0.0
PL_AAIndex1_284,0.0
PL_AAIndex1_208,0.0
PL_AAIndex1_207,0.0
PL_AAIndex1_206,0.0
PL_AAIndex1_205,0.0
PL_AAIndex1_204,0.0
PL_AAIndex1_203,0.0
PL_AAIndex1_202,0.0
PL_AAIndex1_201,0.0
PL_AAIndex1_199,0.0
PL_AAIndex1_198,0.0
PL_AAIndex1_197,0.0
PL_AAIndex1_196,0.0
PL_AAIndex1_195,0.0
PL_AAIndex1_194,0.0
PL_AAIndex1_240,0.0
PL_AAIndex1_192,0.0
PL_AAIndex1_191,0.0
PL_AAIndex1_190,0.0
PL_AAIndex1_189,0.0
PL_AAIndex1_188,0.0
PL_AAIndex1_187,0.0
PL_AAIndex1_186,0.0
PL_AAIndex1_185,0.0
PL_AAIndex1_184,0.0
PL_AAIndex1_183,0.0
PL_AAIndex1_182,0.0
PL_AAIndex1_181,0.0
PL_AAIndex1_180,0.0
PL_AAIndex1_179,0.0
PL_AAIndex1_193,0.0
PL_AAIndex1_239,0.0
PL_AAIndex1_238,0.0
PL_AAIndex1_237,0.0
PL_AAIndex1_236,0.0
PL_AAIndex1_235,0.0
PL_AAIndex1_233,0.0
PL_AAIndex1_232,0.0
PL_AAIndex1_231,0.0
PL_AAIndex1_230,0.0
PL_AAIndex1_229,0.0
PL_AAIndex1_228,0.0
PL_AAIndex1_227,0.0
PL_AAIndex1_226,0.0
PL_AAIndex1_225,0.0
PL_AAIndex1_209,0.0
PL_AAIndex1_223,0.0
PL_AAIndex1_222,0.0
PL_AAIndex1_221,0.0
PL_AAIndex1_220,0.0
PL_AAIndex1_219,0.0
PL_AAIndex1_218,0.0
PL_AAIndex1_217,0.0
PL_AAIndex1_216,0.0
PL_AAIndex1_215,0.0
PL_AAIndex1_214,0.0
PL_AAIndex1_213,0.0
PL_AAIndex1_212,0.0
PL_AAIndex1_211,0.0
PL_AAIndex1_210,0.0
PL_AAIndex1_224,0.0
PL_AAIndex1_395,0.0
PL_AAIndex1_394,0.0
PL_AAIndex1_393,0.0
PL_AAIndex1_392,0.0
PL_AAIndex1_391,0.0
PL_AAIndex1_390,0.0
PL_AAIndex1_389,0.0
PL_AAIndex1_388,0.0
PL_AAIndex1_387,0.0
PL_AAIndex1_386,0.0
PL_AAIndex1_384,0.0
PL_AAIndex1_383,0.0
PL_AAIndex1_382,0.0
PL_AAIndex1_299,0.0
PL_AAIndex1_380,0.0
PL_AAIndex1_379,0.0
PL_AAIndex1_377,0.0
PL_AAIndex1_376,0.0
PL_AAIndex1_375,0.0
PL_AAIndex1_374,0.0
PL_AAIndex1_373,0.0
PL_AAIndex1_372,0.0
PL_AAIndex1_371,0.0
PL_AAIndex1_370,0.0
PL_AAIndex1_369,0.0
PL_AAIndex1_368,0.0
PL_AAIndex1_366,0.0
PL_AAIndex1_365,0.0
PL_AAIndex1_381,0.0
PL_AAIndex1_429,0.0
PL_AAIndex1_428,0.0
PL_AAIndex1_427,0.0
PL_AAIndex1_426,0.0
PL_AAIndex1_425,0.0
PL_AAIndex1_424,0.0
PL_AAIndex1_423,0.0
PL_AAIndex1_422,0.0
PL_AAIndex1_421,0.0
PL_AAIndex1_420,0.0
PL_AAIndex1_419,0.0
PL_AAIndex1_418,0.0
PL_AAIndex1_417,0.0
PL_AAIndex1_416,0.0
PL_AAIndex1_396,0.0
PL_AAIndex1_414,0.0
PL_AAIndex1_413,0.0
PL_AAIndex1_412,0.0
PL_AAIndex1_411,0.0
PL_AAIndex1_410,0.0
PL_AAIndex1_409,0.0
PL_AAIndex1_407,0.0
PL_AAIndex1_406,0.0
PL_AAIndex1_405,0.0
PL_AAIndex1_401,0.0
PL_AAIndex1_400,0.0
PL_AAIndex1_399,0.0
PL_AAIndex1_398,0.0
PL_AAIndex1_397,0.0
PL_AAIndex1_415,0.0
PL_AAIndex1_332,0.0
PL_AAIndex1_331,0.0
PL_AAIndex1_330,0.0
PL_AAIndex1_329,0.0
PL_AAIndex1_328,0.0
PL_AAIndex1_327,0.0
PL_AAIndex1_325,0.0
PL_AAIndex1_324,0.0
PL_AAIndex1_323,0.0
PL_AAIndex1_322,0.0
PL_AAIndex1_321,0.0
PL_AAIndex1_320,0.0
PL_AAIndex1_319,0.0
PL_AAIndex1_318,0.0
PL_AAIndex1_364,0.0
PL_AAIndex1_316,0.0
PL_AAIndex1_315,0.0
PL_AAIndex1_314,0.0
PL_AAIndex1_313,0.0
PL_AAIndex1_312,0.0
PL_AAIndex1_311,0.0
PL_AAIndex1_309,0.0
PL_AAIndex1_308,0.0
PL_AAIndex1_306,0.0
PL_AAIndex1_305,0.0
PL_AAIndex1_304,0.0
PL_AAIndex1_303,0.0
PL_AAIndex1_302,0.0
PL_AAIndex1_301,0.0
PL_AAIndex1_317,0.0
PL_AAIndex1_363,0.0
PL_AAIndex1_362,0.0
PL_AAIndex1_361,0.0
PL_AAIndex1_360,0.0
PL_AAIndex1_359,0.0
PL_AAIndex1_358,0.0
PL_AAIndex1_357,0.0
PL_AAIndex1_356,0.0
PL_AAIndex1_355,0.0
PL_AAIndex1_354,0.0
PL_AAIndex1_353,0.0
PL_AAIndex1_352,0.0
PL_AAIndex1_351,0.0
PL_AAIndex1_350,0.0
PL_AAIndex1_333,0.0
PL_AAIndex1_348,0.0
PL_AAIndex1_347,0.0
PL_AAIndex1_345,0.0
PL_AAIndex1_344,0.0
PL_AAIndex1_343,0.0
PL_AAIndex1_342,0.0
PL_AAIndex1_341,0.0
PL_AAIndex1_340,0.0
PL_AAIndex1_339,0.0
PL_AAIndex1_338,0.0
PL_AAIndex1_337,0.0
PL_AAIndex1_336,0.0
PL_AAIndex1_335,0.0
PL_AAIndex1_334,0.0
PL_AAIndex1_349,0.0
