Feature,MI_score
PL_CTDD_115,0.8628859588950326
PL_CTDD_5,0.8612790591749113
PL_CTDD_190,0.8609694251236535
PL_CTDD_165,0.8589271495425339
PL_CTDD_95,0.8587855569522773
PL_CTDD_85,0.8582275777402568
PL_CTDD_155,0.8578132934678395
PL_CTDD_20,0.8572400382595644
PL_CTDD_40,0.8563479998014945
PL_CTDD_55,0.8534122119042373
PL_CTDD_145,0.852767601877964
PL_CTDD_70,0.8516588778993053
PL_CTDD_120,0.849881581833519
MolecularWeight,0.8090192754152365
PL_ATC_bonds_0,0.8036044590137092
PL_ATC_bonds_1,0.7955926466361216
PL_ATC_bonds_2,0.763011488338913
PL_SOCN_Grantham_0,0.7523409422150258
PL_SOCN_Grantham_2,0.7504301016342048
PL_SOCN_Grantham_1,0.7472696813799757
PL_SOCN_SW_0,0.7203073989808444
PL_SOCN_SW_2,0.7101660027528052
PL_APAAC_18,0.6999959483642115
PL_SOCN_SW_1,0.699384763474943
PL_CTDD_90,0.6948217586636507
PL_APAAC_10,0.6631955337362752
PL_APAAC_1,0.651613922909057
PL_CTDD_15,0.6286390063418104
PL_APAAC_2,0.6235772841895453
PL_PAAC_5,0.5968916716706727
PL_CTDD_105,0.5898093756417899
PL_APAAC_5,0.5826188988745074
PL_APAAC_17,0.5815940703528883
PL_PAAC_10,0.577439188923512
PL_PAAC_2,0.5729392875449095
PL_PAAC_1,0.5681460416002055
PL_APAAC_8,0.5638077594717892
PL_PAAC_18,0.563585957061612
PL_PAAC_3,0.5608126691752466
PL_CTDD_30,0.5567311919766178
PL_APAAC_19,0.5550431257140507
PL_APAAC_3,0.5517871849225293
PL_APAAC_6,0.550762158731605
PL_PAAC_17,0.5504440346612953
PL_APAAC_13,0.5479753187446756
PL_AAIndex1_426,0.5454484209569266
PL_APAAC_9,0.5431817935772112
PL_AAIndex1_514,0.5430900261155904
PL_AAIndex1_353,0.5405792615278044
PL_AAIndex1_516,0.5394105919545611
PL_CTDD_180,0.5392810972566875
CW,0.5371915354906402
PL_AAIndex1_446,0.5356065928919347
PL_AAIndex1_447,0.5355133375351842
PL_AAIndex1_56,0.5345019400293807
PL_PAAC_9,0.5329666667559012
PL_CTDD_80,0.5329093283156565
BLOSUM1,0.5324031266530835
PL_AAIndex1_247,0.5318393299832107
PL_AAIndex1_448,0.5292204773543125
PL_AAIndex1_526,0.5290147930192082
PL_AAIndex1_387,0.5268667315704478
PL_AAIndex1_147,0.5258967466072324
PL_APAAC_16,0.5245695426946528
PL_AAIndex1_433,0.5240950005497722
PL_PAAC_8,0.5181864799437963
PL_AAIndex1_445,0.5181216921700771
PL_AAIndex1_66,0.5179853716427303
PL_QSO_SW_1,0.5178034661578339
PL_CTDT_15,0.5176017257075438
PL_AAIndex1_148,0.5148596563569274
VHSE1,0.5129978375136455
PL_AAIndex1_177,0.5117034507201104
PL_APAAC_12,0.5114966848109788
PL_CTDD_135,0.5110542512762768
Flexibility,0.5096884311036027
PL_AAIndex1_127,0.5081664962433794
PL_CTDD_125,0.5080765985572739
PL_CTDD_45,0.5079645067301688
PL_CTDD_140,0.5078064250667196
PL_PAAC_15,0.5077968174803669
PL_APAAC_15,0.5076295953677672
PL_AAIndex1_110,0.5069475030765509
PL_AAIndex1_214,0.506459414688913
PL_CTDD_60,0.5052939353647807
PL_AAIndex1_210,0.5051862732404753
PL_CTDT_32,0.5031372931103331
PL_PAAC_13,0.5030495651040852
PL_CTDD_185,0.5030313829234685
PL_CTDD_130,0.5019389832295547
PL_AAIndex1_529,0.5014792152730148
PL_AAIndex1_209,0.5014504457820022
PL_AAIndex1_251,0.5014049605899253
PL_AAIndex1_181,0.5013425024963771
PL_CTDD_75,0.5013098971206564
PL_APAAC_0,0.5011013217986897
PL_AAIndex1_527,0.5007876829906626
PL_AAIndex1_146,0.5002768962088124
PL_PAAC_12,0.5002358197163934
PL_AAIndex1_9,0.4996659687749623
PL_AAIndex1_476,0.4984208713546643
PL_APAAC_11,0.4976142942495194
PL_AAIndex1_424,0.49694219558458785
PL_AAIndex1_399,0.49689219621521685
PL_APAAC_14,0.49640571748467766
PL_AAIndex1_489,0.495029637315767
PL_AAIndex1_452,0.49421827100863736
PL_CTDD_0,0.4934274840862307
PL_AAIndex1_129,0.4931163524425113
PL_AAIndex1_242,0.4919702121527081
PL_AAIndex1_34,0.4907054270217963
PL_AAIndex1_515,0.49065639351608503
PL_AAIndex1_483,0.4899575057430656
PL_AAIndex1_326,0.48967515253155325
PL_AAIndex1_183,0.4895726459191567
ProtFP1,0.4892572369926933
PL_AAIndex1_461,0.4883929650196661
PL_AAIndex1_150,0.48788804674192665
Gravy,0.48788804674192665
PL_AAIndex1_10,0.4878529637264286
PL_AAIndex1_435,0.48711187693958546
PL_AAIndex1_518,0.48654249649687253
PL_AAIndex1_70,0.48529412225675994
PL_AAIndex1_501,0.4847661501248002
PL_AAIndex1_86,0.4844987678940793
PRIN1,0.48353416996009324
PL_PAAC_4,0.48326029290033023
PL_AAIndex1_488,0.48307775737046743
PL_AAIndex1_355,0.4820017556124747
PL_CTDC_32,0.48172500525684114
PL_AAIndex1_102,0.4817155575758836
D.1,0.48154668427577896
PL_AAIndex1_88,0.48146183809419263
AF1,0.480846683859661
PL_CTDC_3,0.4785034295962065
PL_CTDC_11,0.47827079271805184
PL_CTDC_6,0.47814755187032576
PL_AAIndex1_383,0.47781261316250445
PL_AAIndex1_313,0.47752893792859386
PL_PAAC_7,0.4773826275127169
PL_PAAC_0,0.4770808731699794
PL_AAIndex1_184,0.4769296971612791
PL_AAIndex1_100,0.4767722571719104
PL_AAIndex1_297,0.4767134579432848
PL_AAIndex1_513,0.4766980761384678
PL_AAIndex1_182,0.47603635225149654
PL_AAIndex1_481,0.47581527858202044
PL_AAIndex1_427,0.475059923654932
PL_APAAC_7,0.47488466445721267
PL_AAIndex1_396,0.47477926027770945
PL_AAIndex1_437,0.47460014912760906
PL_AAIndex1_55,0.47284618528369116
PL_AAIndex1_528,0.4728276847890389
C,0.4722153368872939
PL_AAIndex1_179,0.4720355284810913
VHSE5,0.4719016153271727
PL_AAIndex1_486,0.47147781280409884
F1,0.4708084102815575
PL_AAIndex1_57,0.4703293101913566
PL_CTDC_8,0.4703086621879624
PL_PAAC_19,0.4701144405008506
PL_AAIndex1_386,0.47004559479337216
PL_AAIndex1_343,0.46984087802295926
PL_CTDC_17,0.469778111135025
PL_AAIndex1_240,0.4695949622568718
PL_AAIndex1_76,0.4689405641383373
PL_AAIndex1_530,0.46888945740861887
PL_AAIndex1_298,0.4688744662690798
PL_AAIndex1_425,0.4688730391057647
PL_AAIndex1_380,0.4682398048842735
Z1,0.4680257035306421
PL_AAIndex1_241,0.46678584845177173
PL_AAIndex1_463,0.4664745242069279
PL_AAIndex1_53,0.46561774500501807
PL_AAIndex1_507,0.4647686155935413
PL_AAIndex1_522,0.4638192078991157
PL_AAIndex1_449,0.46366970741453484
PL_AAIndex1_320,0.4632063841521794
PL_PAAC_11,0.46307673676995487
PL_CTDC_26,0.4628229778699646
PL_PAAC_14,0.46207459693578334
PL_AAIndex1_65,0.4620698481330612
PL_AAIndex1_367,0.46166979530073116
PL_AAIndex1_517,0.4616539370152788
PL_AAIndex1_238,0.46105671466887976
PL_AAIndex1_485,0.4604660596161563
GGF,0.45955135928888646
PL_AAIndex1_142,0.4593616542522141
PL_AAIndex1_275,0.4592195493797413
FI,0.4590732924676981
PL_AAIndex1_199,0.4589349311975206
T4,0.458781241396375
PL_AAIndex1_101,0.458767220406779
PL_AAIndex1_112,0.4584684945983071
PL_AAIndex1_233,0.4584253652168391
PL_AAIndex1_405,0.4575885757557798
PL_AAIndex1_388,0.45758133628076747
PL_AAIndex1_212,0.4563552571591516
PL_AAIndex1_519,0.45529923921523086
FFG,0.45464918846336566
PL_AAIndex1_354,0.4526992048799001
PL_AAIndex1_509,0.45266752219798256
PL_AAIndex1_3,0.4523789432778762
PD2,0.4515970096120947
PL_AAIndex1_524,0.4502349845972158
PL_AAIndex1_506,0.44965739172617525
PL_AAIndex1_169,0.44949150443004626
PL_AAIndex1_7,0.44944566013799125
PL_CTDD_35,0.4490116125841963
PL_AAIndex1_130,0.448764808938777
PL_PAAC_16,0.4480411573905947
PL_CTDD_65,0.44767481913824536
PL_AAIndex1_364,0.4471217941138077
PL_AAIndex1_278,0.4463882748725494
PL_AAIndex1_171,0.44554226985977774
PL_APAAC_20,0.4449790144850154
E1,0.44496612354849274
GD.1,0.44261266206793204
PL_AAIndex1_402,0.44252990119318225
RY,0.44237572346423226
PL_AAIndex1_211,0.44221896656790083
PL_AAIndex1_35,0.44149299760971106
PL_AAIndex1_525,0.44125748441451895
PL_AAIndex1_29,0.44090221607992586
PL_AAIndex1_484,0.4408172904640444
PL_AAIndex1_67,0.4402210256955086
PL_AAIndex1_523,0.43951380519872085
PL_AAIndex1_438,0.43931671514203563
PL_APAAC_4,0.4391771134775144
PL_CTDT_17,0.438726693816903
PL_AAIndex1_408,0.43773621256248996
PL_AAIndex1_14,0.43757860927492764
FG,0.43719214004023543
PL_AAIndex1_508,0.4369838087892486
KF4,0.4369838087892486
PL_AAIndex1_460,0.43690560845691007
PL_AAIndex1_114,0.43651223565149877
PL_AAIndex1_68,0.43638895207847916
PL_AAIndex1_389,0.43601424901885233
PL_AAIndex1_197,0.43549774491315274
PL_AAIndex1_218,0.43405698047124375
PL_AAIndex1_54,0.4331977874701902
PL_AAIndex1_5,0.43254823393716846
PL_AAIndex1_510,0.43241766064447207
PL_AAIndex1_11,0.43239590669798966
PL_AAIndex1_314,0.4323795457731827
PL_AAIndex1_119,0.4315861126985845
PL_AAIndex1_401,0.4300098470441829
PL_AAIndex1_243,0.429969057659624
PL_ATC_atoms_3,0.4291968112255313
PL_AAIndex1_186,0.4291113592960367
PL_AAIndex1_140,0.42903609636521356
PL_AAIndex1_152,0.42862801232734915
PL_AAIndex1_342,0.4285584165130776
GF.1,0.42807349692176544
PL_AAIndex1_217,0.4267568677818221
PL_AAIndex1_2,0.42664731715771254
PL_QSO_Grantham_1,0.4259893641466874
PL_AAIndex1_296,0.42513330703170116
WE,0.42502194295746154
PL_CTDC_15,0.42416778599528415
PL_CTDC_37,0.42392483358876776
PL_AAIndex1_122,0.4229323090665784
PL_AAIndex1_478,0.4225378434550544
PL_AAIndex1_194,0.42197890964516516
PL_AAIndex1_126,0.4216838088662036
PL_AAIndex1_482,0.4207820680443821
PL_AAIndex1_168,0.4207277587324971
PL_AAIndex1_239,0.420618076023469
PL_AAIndex1_443,0.41914269023421413
PL_AAIndex1_246,0.4177566338699821
PL_AAIndex1_128,0.4175693609973856
PL_AAIndex1_520,0.4172817576141572
PL_AAIndex1_163,0.4168644437310558
PL_APAAC_24,0.41673780875633293
PL_AAIndex1_105,0.415214317842985
PL_AAIndex1_462,0.4143936084617592
PL_AAIndex1_454,0.4141501886551904
PL_CTDD_175,0.4139434672375337
PL_AAIndex1_19,0.4132349259014032
PL_AAIndex1_319,0.41283190138993486
PL_CTDC_24,0.41209677915277787
PL_AAIndex1_499,0.41197905284654013
PL_CTDC_14,0.41159989003872166
PL_AAIndex1_125,0.41145490497083603
PL_AAIndex1_190,0.41138809469016246
PL_CTDD_54,0.41049040046717566
PL_AAIndex1_113,0.41010185579157543
EY,0.41005719366538695
PL_CTDC_36,0.4098689166618006
PL_AAIndex1_151,0.40969067631476364
PL_CTDC_0,0.4095309634873123
PL_AAIndex1_512,0.4092241748199532
PL_AAIndex1_38,0.40894043830313276
PL_AAIndex1_511,0.40887403540174505
FL,0.4088276258495833
PL_AAIndex1_407,0.40868017137628865
PL_AAIndex1_502,0.40861583163987714
PL_PAAC_6,0.40853397210829634
NP,0.4077822082988458
PL_CTDD_164,0.4076311257158416
PL_CTDD_150,0.407158311890333
EP,0.40706433302462175
FGG,0.406554694075405
PL_AAIndex1_138,0.40633972312586586
PL_AAIndex1_225,0.4057456906483754
FSF,0.40515484334708196
PL_QSO_Grantham_3,0.40458214178452456
PL_AAIndex1_274,0.40457829780350485
HGD,0.4037743555616986
PL_AAIndex1_208,0.4035656171408317
PL_CTDT_36,0.40339555716946496
PL_CTDT_26,0.40337480208465415
PL_AAIndex1_180,0.4029194350187364
PL_AAIndex1_477,0.4028415243455954
PL_AAIndex1_166,0.401516392488773
PL_AAIndex1_193,0.40126627286989347
DG.1,0.40055478678854595
PL_AAIndex1_46,0.39975491250170947
YF,0.3994614865270738
PL_AAIndex1_13,0.39944516127447605
DFF,0.3981016615630173
DFG,0.39777334648067075
FF,0.3976254686899101
HFD,0.39759199861005
PI,0.39702572701985117
PL_CTDC_31,0.39614074362144924
PL_AAIndex1_234,0.39575418753319935
PL_AAIndex1_75,0.39476300399080166
PL_AAIndex1_316,0.3940480639720745
PL_AAIndex1_450,0.39377166226509175
IF,0.3925288972345604
PL_CTDT_8,0.39245145201356646
FGD,0.39241474112561603
PL_AAIndex1_220,0.3923902224768976
PL_AAIndex1_362,0.3923775844943016
PL_AAIndex1_403,0.39183414712370945
PL_AAIndex1_192,0.3917385119608805
PL_AAIndex1_331,0.39169593483164933
PL_AAIndex1_141,0.3916462262624498
YG,0.3914624748489537
AI,0.3914514843278516
LC,0.3913316447746378
PL_CTDD_110,0.39127345331539276
PL_AAIndex1_178,0.39060287740609745
PL_CTDD_160,0.39026761717486336
PL_AAIndex1_39,0.389137524252277
VHSE7,0.3879558095436293
PL_AAIndex1_198,0.387451378830181
DK,0.3871292839353222
RP,0.38698671483037517
PL_ATC_atoms_1,0.3869367641316783
PL_AAIndex1_430,0.386381196486572
YL,0.3862754998408393
GDF,0.38623313860183917
FGF,0.3859430044868142
PL_AAIndex1_12,0.3849306115438518
PL_AAIndex1_521,0.3845795527796594
PP1,0.3843831602465051
PL_AAIndex1_44,0.3840603688783255
PL_CTDD_134,0.3832074593069037
PL_CTDD_34,0.3825201883519904
PL_AAIndex1_58,0.38237677835413164
PL_AAIndex1_325,0.3823399869434456
PL_AAIndex1_52,0.3805407885525147
PL_AAIndex1_277,0.3802959859086923
PL_AAIndex1_357,0.3802875253919775
PL_CTDD_79,0.37980296946498315
PL_AAIndex1_360,0.3796568804766993
PL_AAIndex1_339,0.37899808167588445
PL_AAIndex1_107,0.3789209327071048
PL_CTDT_5,0.3786552259798053
PL_CTDD_100,0.3782288842530104
DF,0.3777541562125397
PL_AAIndex1_379,0.3775839729769417
PL_AAIndex1_195,0.37722131934368
YE,0.37719249348644146
VH,0.37621686719577463
PL_CTDD_189,0.3761825276217663
PL_CTDD_10,0.3759370348528597
PL_AAIndex1_40,0.375524596325012
PL_AAIndex1_191,0.37503802476880965
FSH,0.37456132340715076
E,0.37411313782728506
PL_AAIndex1_226,0.3734673670729758
SVGER4,0.3723960683940626
DHD,0.37234289217637384
Turn,0.37230021706584404
PL_CTDD_139,0.37225909450738826
PL_AAIndex1_33,0.37199633806789345
PL_AAIndex1_351,0.37178102547957437
PL_CTDD_179,0.371467722073763
LY,0.3709706404978266
YC,0.37004631948497835
RI,0.3700301734028302
PL_CTDD_129,0.3697495789460912
NC,0.36966895313896275
PL_AAIndex1_373,0.3694915548658746
PL_CTDD_64,0.36942749697165667
PL_AAIndex1_245,0.36878565594259394
PL_AAIndex1_309,0.368194415537213
PL_AAIndex1_253,0.36809615355589687
PL_AAIndex1_160,0.36809615355589687
PL_AAIndex1_85,0.3675659592692817
PL_AAIndex1_95,0.36754327760834515
PL_AAIndex1_500,0.3674900683272977
PL_CTDD_19,0.3674447233144851
PL_AAIndex1_173,0.36741953407883887
PL_CTDC_9,0.3673298929216924
PL_AAIndex1_1,0.36732849345270324
PL_AAIndex1_121,0.3671145066422721
PL_AAIndex1_120,0.3661956577356955
EQ,0.365567797301964
CY,0.3650717255619593
DA,0.3649725042352512
GK,0.3648882099833388
PL_AAIndex1_164,0.3640584752967593
PL_CTDD_109,0.36403846563534614
PL_CTDC_12,0.3639324562347044
PA,0.3635668334175888
PL_AAIndex1_215,0.36317861802855145
PL_AAIndex1_299,0.3630967354265824
PL_AAIndex1_287,0.3630660425272514
PL_CTDT_24,0.3630366580474105
PL_AAIndex1_205,0.36265655619113923
FF.1,0.3624405504832411
QE,0.36232208382961817
VW,0.36152992781920457
MD,0.36132337226772426
GHF,0.360752345551401
EF,0.3607070796673524
BLOSUM2,0.3600725985900395
PL_AAIndex1_374,0.35940672304935894
GH,0.35901182158057177
FV,0.3589632556852007
PL_AAIndex1_131,0.3588969997069502
PL_AAIndex1_404,0.35889343773165105
PL_AAIndex1_224,0.35887727987062235
VK,0.35886021389678513
PL_CTDD_78,0.3586063536096571
MK,0.35855684417857736
DM,0.3583752564834306
VF,0.3576491389964169
PL_CTDD_188,0.3575766579572148
AC,0.3573646947044091
YY,0.3572911890629231
PL_AAIndex1_27,0.3563983676752476
ET,0.3563286793478766
FY,0.35632416088061225
HGF,0.3561239129515368
PL_AAIndex1_276,0.3559344624318168
FT,0.35494923949742185
VE,0.3547926957423644
IG,0.354453230358609
TQ,0.3543056051393232
DDD,0.35315945341362776
MSWHIM2,0.3528677638325508
IP,0.35273695700272034
ML,0.35153262269940333
LH,0.3511946829433876
PL_AAIndex1_50,0.3500018174804862
FH,0.3498522691130046
SDF,0.349836226710325
FD,0.3496950095835878
PL_AAIndex1_420,0.349221271608116
PL_CTDD_133,0.3488572951216966
HHD,0.34885094729193034
PL_AAIndex1_157,0.3487734194625922
NV,0.34852343649734063
PL_AAIndex1_103,0.3483765439597297
RD,0.3477544041385001
PL_CTDD_170,0.3472677497073957
QR,0.34722156404409343
FDD,0.3471379999515576
PL_AAIndex1_382,0.34700061420315187
IC,0.34695697396639025
VHSE4,0.34689509924979234
PF,0.3465051616774648
MSWHIM1,0.34644194306519527
TE,0.34634638326417333
PL_CTDT_10,0.3463409562523405
PL_CTDD_4,0.3462404731452313
LD,0.3453503436345673
CF,0.3452068614794004
PL_QSO_SW_4,0.345193924077869
PL_CTDD_104,0.3451520835813855
HP,0.34470043235342995
WL,0.3445627781274805
IV,0.3442132763165726
PL_APAAC_22,0.3439144095180757
DGF,0.3439067373027207
PL_AAIndex1_60,0.3437786177372044
PL_AAIndex1_371,0.3436972030835772
PL_CTDT_16,0.34297519956830724
SFD,0.3428831499732836
FA,0.34272067909266957
PL_AAIndex1_467,0.3426201577484549
PL_AAIndex1_352,0.3425318641864439
FG.1,0.3424696138454868
DD,0.34246311080977554
HR,0.34245051661531667
NL,0.3423858006967704
D,0.34233786008950284
FDH,0.3423097649364215
FFS,0.3419073231565255
AK,0.341585841608516
FFD,0.3415045293648151
LF,0.3408444110012603
FDG,0.3407518653923871
PL_QSO_Grantham_2,0.3406776749021363
YD,0.3406104119164439
TR,0.3403761134421135
DDS,0.3402803695154737
PL_AAIndex1_161,0.3401332414158227
DGS,0.3398162621676897
FFH,0.3394955114401377
PD,0.3393560047363011
FK,0.33923792437569267
HDD,0.33875986135030267
PL_APAAC_21,0.33870091222958454
PL_AAIndex1_381,0.33842983417500916
PL_Moran_0,0.33817530564427445
WA,0.33815529380529963
EC,0.338034858448093
GFD,0.3379128748322122
LM,0.3377163364695055
PL_AAIndex1_288,0.33751114974212504
PL_AAIndex1_290,0.3375033209394731
IE,0.3370133757376461
PL_CTDD_84,0.33699727395712875
GM,0.33679794865061696
PL_CKSAAP_182,0.33635797791386635
PL_AAIndex1_356,0.33611814266701723
CV,0.3357857351974114
PK,0.3356914920306986
DE,0.33568472450215037
VM,0.33544955820946853
HDF,0.33540025299378984
HV,0.3352039491336196
RW,0.3349581619667461
AR,0.33494641626203725
PL_AAIndex1_221,0.3347579749420251
DF.1,0.3345947100787705
PL_CTDC_2,0.3344585704660221
PL_AAIndex1_106,0.33443077577178215
PV,0.33421216906217976
AY,0.3340450145988907
IL,0.33399004858749937
DHS,0.33371163840997253
CI,0.33337012550176137
IY,0.33298136808516876
PL_AAIndex1_327,0.33282677748216205
PL_AAIndex1_345,0.33282517038600856
PL_CTDD_50,0.33257676582727225
PL_AAIndex1_91,0.33238640933487895
PL_AAIndex1_109,0.33223341615189383
FD.1,0.3319082697213078
HG,0.33188219855188406
VSTPV3,0.331744885225723
SV3,0.33074448204208196
PC,0.33073460832558066
HF,0.33067228498819556
PL_AAIndex1_293,0.3306290499376683
ND,0.3305623939523432
PL_AAIndex1_397,0.3304944562539003
YM,0.330364457443729
PL_AAIndex1_227,0.33023277451800315
GE,0.33019955398624923
WV,0.3301402888643903
SGF,0.33012515099087913
PL_AAIndex1_317,0.3300897408864589
DHH,0.329864447521667
DHF,0.32938856782663306
DDG,0.3293704828664268
DSF,0.32917312779118557
PL_AAIndex1_418,0.3291462341424891
FQ,0.3284625497710558
KS,0.32812858187844895
CK,0.32796840091270063
PL_AAIndex1_254,0.327906751645604
SHF,0.3278704308411493
PL_AAIndex1_358,0.3275779564418331
PL_AAIndex1_167,0.3275580882076823
PL_AAIndex1_289,0.3271452322113877
PL_AAIndex1_69,0.3265842732735025
PL_AAIndex1_291,0.32625838179540523
PL_AAIndex1_248,0.3261130923040003
PR,0.3261042567788177
PL_AAIndex1_267,0.32550298458243665
KN,0.3254864567279663
GQ,0.3253783758131865
SVGER8,0.32530534581131665
DH,0.3252928985623065
PL_Geary_0,0.3244738125464104
PL_AAIndex1_494,0.3244265160936428
CS,0.3242175486303833
EH,0.32406635688301133
PL_AAIndex1_302,0.3238770860789999
PL_AAIndex1_256,0.3237017262701083
QV,0.3233955468059069
PL_AAIndex1_6,0.3230151913006538
GFG,0.32266477281859185
CG,0.3225455937799562
YP,0.3224981831534506
DT,0.3224474495151086
FSD,0.3222906200237219
SHD,0.3218936720681622
NG,0.3216138430439117
DG,0.32156391971173015
YS,0.3213722193880608
DP,0.32111037696845157
PL_AAIndex1_465,0.32075343756546104
PL_AAIndex1_36,0.32046292631249473
NF,0.32041369937015407
SVGER9,0.32020352051232415
PL_AAIndex1_23,0.3201981347734635
QN,0.3200470967767859
PL_CTDD_49,0.31967476601463174
EI,0.3195817991551744
TK,0.3194397230791979
HSF,0.31942576224214214
GFF,0.31907453025406163
PL_CTDD_163,0.3190161279125965
PL_CKSAAP_343,0.318806044160302
PP2,0.3187260424903351
PL_AAIndex1_282,0.31840020766627486
NY,0.3182896073410495
PL_AAIndex1_255,0.3182448220704468
FS,0.3182115727918351
SV1,0.3181450090446143
SSF,0.31786981913213097
PL_AAIndex1_72,0.31785031691363663
HFH,0.3176575067919645
PP,0.31760672602819895
PL_AAIndex1_270,0.317385322115578
PL_CTDT_38,0.3169283803591205
CC,0.3164921716603879
DSH,0.3164411678693506
SH,0.31620195926798766
KP,0.3161068712252466
KT,0.31567759295710207
GL,0.31539920170600455
VY,0.31513205323783966
PL_CKSAAP_49,0.3150646087313329
SY,0.3150556283013599
PN,0.31502612035979416
PE,0.3150205618867976
PL_CTDD_194,0.3147869511692134
PL_QSO_SW_9,0.3143886193836125
PL_CTDD_14,0.3141755550100953
LN,0.31413056360991787
PL_CTDD_33,0.31388234528839476
CN,0.31380038259503085
IM,0.3135662977358038
EK,0.3134217377780133
SL,0.31332901071928543
PL_AAIndex1_359,0.3133140890766124
IN,0.31315761958460353
DGH,0.3131368603518605
PL_CTDD_39,0.31291528353302756
SQ,0.3127491079721172
PL_AAIndex1_231,0.3126910565112384
WR,0.31268507348930186
DV,0.3126542293373502
HHF,0.3126139233086298
PL_CTDD_63,0.31236273234314815
Z2,0.3122002419380019
PL_AAIndex1_174,0.31185899258939065
CT,0.3117997478996948
WD,0.31178240123049816
PL_AAIndex1_268,0.31167530711934077
FHD,0.3113972227066246
GN,0.31129658139947214
GC,0.31078136489941555
AF,0.3105253241597139
CA,0.3104156918690264
FN,0.3103938628621963
FGH,0.31035423792584327
PL_QSO_Grantham_4,0.3101589630767907
QK,0.310038420849871
DGD,0.3098071217596141
SG,0.3096266260412279
YW,0.30939146439051735
GV,0.3093251641503132
WI,0.30928217106138334
WT,0.3091435407191203
DL,0.3091004501832457
PL_QSO_SW_3,0.30889455019986656
NS,0.30875773242129023
NI,0.30868973038191116
GDD,0.30840849191322883
GDG,0.30840111061343256
PL_AAIndex1_390,0.3083494403171363
HHH,0.3081426159120251
MS,0.30793309794670787
IK,0.3078453587741681
WP,0.3078028505222874
SD,0.3074546706919765
DSD,0.3072885783207595
GT,0.3071948172287189
AV,0.3071592696732637
FDS,0.30711429123456035
KW,0.3068140188434314
PL_CTDC_20,0.3066246875867771
KE,0.30632357865210214
PL_CTDT_9,0.3059937898226148
GF,0.3057290710986371
PY,0.30557658730058845
PL_AAIndex1_244,0.3054170833657639
PL_CTDD_154,0.3050149946973626
ES,0.30491564433025387
ED,0.3048999337161935
YT,0.3048807567271714
NE,0.30477977861123895
PL_ATC_atoms_0,0.3047153532834268
PL_AAIndex1_4,0.30435866017897295
PL_AAIndex1_464,0.304009883528483
FE,0.3039084884969059
AQ,0.30334951202677596
KL,0.30317540819143707
KF,0.302913975806276
MT,0.30256711192180274
PL_AAIndex1_271,0.30255058725579564
QF,0.3020109757301017
KF3,0.30196193641492775
LT,0.30187334927609566
MR,0.30179796986698637
SVGER5,0.3017905834353005
EW,0.30178712867735813
PL_CKSAAP_160,0.3017529866702793
PL_AAIndex1_392,0.30173148745694345
HFS,0.3013006282825801
PL_PAAC_20,0.30118219580826633
PL_AAIndex1_269,0.3011365751946462
DFS,0.30094200404398785
PL_CTDD_132,0.3008537534964648
IQ,0.3006403829390094
PL_AAIndex1_145,0.3005109687755185
PL_AAIndex1_398,0.3003620959034632
FC,0.3003305960311433
VC,0.2999763052803237
GA,0.2998842074815262
CH,0.2997748201717272
DR,0.2997498848299487
DGG,0.2996570769590443
EL,0.2994729148755999
DSS,0.2993820489269008
LW,0.29928205487671633
DDF,0.29911452151187534
VG,0.2989626348253007
SFS,0.29885850701145555
LE,0.29883447399275687
DN,0.2987951836626501
ID,0.2986932286959534
PL_AAIndex1_304,0.29826534308686137
SK,0.2982453977656214
KQ,0.29795638682476344
EM,0.2977184232950285
AS,0.297269069248677
SFF,0.29726068654939786
PL_CTDD_48,0.2972455548672519
TH,0.2971454249821539
CL,0.2968333365506619
TP,0.2967892807767427
KA,0.2967281160248598
PL_CKSAAP_117,0.29665518824206494
PL_AAIndex1_236,0.2966059477919303
AM,0.296445760257825
ST4,0.2964177366789138
QL,0.29617424975581796
PL_AAIndex1_406,0.29587531430327907
F,0.29568601023159014
RC,0.2953842958220618
F6,0.29496921463774184
PL_CKSAAP_169,0.2947554516605
PL_CKSAAP_116,0.29456911900418925
PL_CTDD_77,0.2943503744842091
EG,0.2942408964956247
PL_CTDD_187,0.294140036220194
PL_CTDD_144,0.29384545940121143
PL_AAIndex1_546,0.2938098782732048
PL_AAIndex1_16,0.29377469593663896
LG,0.29361655748687143
PL_CKSAAP_348,0.2933878126196334
DI,0.2933717059717753
SI,0.29317357041987124
RF,0.2931500921459498
GDS,0.29314722383230185
HFF,0.29292384869418164
PL_AAIndex1_219,0.29266034680711694
PL_AAIndex1_272,0.2925141535744502
IH,0.2924031178775608
PL_AAIndex1_335,0.29235522726308494
PL_AAIndex1_421,0.2923368764538945
PL_MoreauBroto_0,0.29205047757656777
CE,0.29191478013716265
PL_CTDD_114,0.2917374017170258
VI,0.29156943203992247
GP,0.29140057322584667
PL_CTDD_69,0.29137298339859896
PL_AAIndex1_265,0.29113194347992266
FSS,0.29093861713159486
PL_CKSAAP_143,0.2908108365752624
PL_AAIndex1_45,0.290777113173442
PL_CKSAAP_323,0.2904193105341015
SN,0.2898627522239141
PL_QSO_SW_7,0.2896240492766293
EN,0.28945114714591647
GHH,0.2892715047796246
GR,0.2892424225122472
WF,0.28903312572747275
CP,0.2886414260274801
SV2,0.2884548473527997
DD.1,0.2883993951429207
HE,0.28831919015311236
IT,0.2876458212084456
DW,0.28760947084769173
ST5,0.2875301839063873
HDS,0.2874081188721682
AT,0.28734574857350825
LA,0.2872590601455296
AH,0.28723095257085873
KY,0.28688456392360484
PL_AAIndex1_21,0.2867806172655172
PL_AAIndex1_336,0.2867157006746206
FHS,0.28655329604276325
PL_CTDD_94,0.2865491278356398
Aromaticity,0.286300156388843
HFG,0.2862980799933621
YA,0.28613320348035254
TY,0.28606899979809564
MA,0.2857191071484051
KC,0.2856969515786236
TG,0.28567348409620763
KG,0.2855501188843239
VSTPV5,0.285516253816791
TC,0.2852958250835207
PL_CKSAAP_109,0.2852410087009529
F.1,0.2850325713776858
PL_AAIndex1_307,0.2845318041155509
PL_AAIndex1_487,0.2844085484584338
SR,0.28418725397305256
AD,0.2840775488600231
PL_CTDD_119,0.28403762903494334
YV,0.28401380273216326
PL_CTDT_2,0.2839551822042905
VHSE2,0.28382853232308936
FW,0.283557088387588
VHSE6,0.2835170279052335
PS,0.28334394315281486
PL_CKSAAP_342,0.28333147649624735
QS,0.2832592693289149
PL_CKSAAP_45,0.2832486835857324
HSH,0.28297031888379953
GI,0.2825759285545253
PL_CTDT_25,0.2825358852791191
PL_CKSAAP_165,0.2823386855068182
SC,0.2823232767608568
VD,0.2823102595970335
PL_AAIndex1_370,0.2823013850848195
PL_AAIndex1_301,0.28229983331870034
FP,0.28228982203095665
PL_CTDD_152,0.2822722686280108
GDH,0.28207188987653176
PL_AAIndex1_333,0.2820599339408827
ST2,0.2820309000587091
PW,0.28185075284071726
MI,0.2816950590943903
PL_AAIndex1_48,0.28161748902167716
DFH,0.28145056403953905
PL_AAIndex1_457,0.2812244288807042
HN,0.2811912176895497
RQ,0.28112300420569625
TT,0.280882319926969
PL_AAIndex1_472,0.28063268443112754
PL_AAIndex1_96,0.2805458781506105
PL_AAIndex1_350,0.2805119072998754
TV,0.2805060559320567
SVGER10,0.280210856190096
PL_CKSAAP_180,0.2799557590508206
AN,0.279566930782293
KD,0.27924640062537476
RV,0.2790265844478843
PL_AAIndex1_132,0.2790217051691015
TD,0.2787899450140374
SDH,0.27856318795300616
VQ,0.27854303819661874
PL_AAIndex1_466,0.27844683341720433
PL_CKSAAP_60,0.2783572613834928
HDH,0.27821157512980355
PL_QSO_Grantham_5,0.2780876875540512
HSD,0.27798760676012124
SS,0.2777260849332053
HQ,0.27766881828370815
PL_AAIndex1_49,0.27716529355925745
PL_CTDC_34,0.277100686903605
DC,0.27707824000918535
TL,0.2766595114663004
PL_CTDT_0,0.27662583391274076
PL_AAIndex1_292,0.27650045499734377
PL_CKSAAP_255,0.27625278370381734
PH,0.276058356690438
LV,0.2757647806861625
PL_AAIndex1_496,0.27555643409699515
GGD,0.27535591664344006
ProtFP2,0.27533035193663524
GY,0.27514549916055087
LI,0.2749898687569323
PL_AAIndex1_104,0.2747847425031664
YQ,0.27470931202207627
PL_CKSAAP_8,0.2745730600738949
VR,0.2744895218912786
ME,0.27441188982498854
PL_CTD_280,0.27430079561608256
RH,0.27408562150321325
PL_ATC_atoms_4,0.2740763163057638
PL_CKSAAP_356,0.2738435128373711
PL_AAIndex1_84,0.2737336711737939
DSG,0.27357169979997575
PL_AAIndex1_453,0.27344636778247056
GFS,0.27344020149809944
PL_CTDD_169,0.27311560975405635
T2,0.2728552957617185
PL_CKSAAP_197,0.272826771418885
PL_CTDD_18,0.27275834619819816
VN,0.27251811827117
QY,0.2724357881447448
PL_AAIndex1_537,0.27204212783277937
SF,0.27199952299695607
HHG,0.27174525484928136
PL_CTDT_20,0.2716335510341281
HHS,0.27133117216712765
WM,0.27095926391827563
DHG,0.2707282577451551
EE,0.2706856213822415
SP,0.2705321956899662
PL_AAIndex1_216,0.27022806889099815
DDH,0.2701112648718218
FDF,0.2695470321566713
PL_AAIndex1_237,0.2695330821662214
PL_CTDD_25,0.26933983028984176
PL_AAIndex1_230,0.2693332999559894
RG,0.2693103131260184
GHD,0.2691364254289401
PL_CKSAAP_73,0.26910791938144696
SFH,0.2690559803584578
GD,0.2688109908415095
PL_AAIndex1_393,0.26879789416727196
SM,0.2684193733049338
TA,0.26821015428985184
NK,0.2681024333276034
Z4,0.26796937656485875
PL_CKSAAP_229,0.26787429769885485
YI,0.2670858788566788
LK,0.26687496790521825
RL,0.2668131464156027
RN,0.2663265482278021
MV,0.2662364593923878
GW,0.26619936857660775
PL_AAIndex1_340,0.2660850347990791
QW,0.26599118014718126
PL_CKSAAP_69,0.26577090332885644
PL_CKSAAP_289,0.2657565848326029
PL_AAIndex1_414,0.2654088531783776
II,0.2650386092055652
YR,0.26498652796720235
WG,0.26483243459917016
PL_AAIndex1_43,0.26477109411693034
PL_AAIndex1_535,0.26463680776403464
PL_AAIndex1_0,0.26416885901806797
PL_AAIndex1_492,0.2641011599938685
PL_AAIndex1_82,0.2641009395430607
PL_CTDD_123,0.2640809279414609
PL_CTDD_89,0.2640552995869787
PL_CTDD_73,0.2638302715626448
HSS,0.2637978579175173
PL_CKSAAP_77,0.2637678161521646
PL_CKSAAP_5,0.2635440420105897
E2,0.2632932563603356
F3,0.2632912636178313
KV,0.2632398789010808
PL_CKSAAP_185,0.2630714583005149
LR,0.26297639423544217
PL_CKSAAP_111,0.26272252239878346
PL_CTDC_18,0.2626682166718366
PL_CTDD_162,0.2626327366012804
QI,0.26258229536504096
PL_CTDD_3,0.26251128003669555
PL_AAIndex1_419,0.2622139138340138
GFH,0.26215952606377524
PL_CTDD_29,0.2621175207872293
HD.1,0.2620973804811073
PL_AAIndex1_536,0.26194213862655147
HT,0.2618587281489768
IA,0.2618179852395053
PL_CKSAAP_63,0.2612329253194532
PL_AAIndex1_99,0.26116039277559056
NH,0.261019322028468
Sheet,0.26050829064889225
VSTPV2,0.2604269583831158
PL_QSO_SW_17,0.2604009288346889
HGH,0.26003124411043554
PL_CTDC_35,0.2598705926425757
PL_AAIndex1_444,0.2596353765341921
SHS,0.2596251366460085
PL_CKSAAP_65,0.25936696701380546
PL_AAIndex1_47,0.25904754775349526
ST8,0.25898586896317033
GS,0.25854360225130346
PL_PAAC_22,0.25797778543245986
KI,0.2579456720738911
FHH,0.25789293253669454
PL_AAIndex1_155,0.2576029128109565
WS,0.257397786784197
PL_AAIndex1_228,0.2573923809583598
PL_AAIndex1_176,0.2573852546497939
KK,0.25690982441167565
IsoelectricPoint,0.25682586681965436
KF2,0.2567831632840991
PG,0.2567779532772052
ProtFP4,0.25661625971425206
PL_CKSAAP_16,0.25642936067147915
PL_AAIndex1_79,0.25616143832107596
KH,0.25608254075922066
HI,0.2559013838063504
QP,0.25584581109763205
CD,0.2557688057101042
PL_CKSAAP_3,0.2556557177029659
PL_AAIndex1_123,0.255568281485675
PRIN2,0.2554780304626254
RR,0.25546292113178737
PL_APAAC_25,0.2553470904274966
LP,0.2553166917186789
PL_AAIndex1_97,0.25497811360695355
PL_CKSAAP_47,0.25492964550013175
PL_AAIndex1_118,0.254904363918802
PL_CTDD_149,0.25482700230144806
MY,0.25468708618731384
PL_CTDD_184,0.2544831380334194
PL_CTDD_43,0.2544481668361742
WK,0.2543969575628622
PL,0.2541114936577782
RT,0.2538949371905712
KF9,0.2534507022587409
PL_CTDD_47,0.2532763245615217
SVGER1,0.25299129902524387
GG.1,0.25285184970563446
PL_QSO_SW_15,0.2527699585606795
KR,0.25190470658639574
DFD,0.2517751840953344
PL_AAIndex1_263,0.251616803644402
HDG,0.25119983700113435
PL_CKSAAP_325,0.25113155144288823
WQ,0.2509973718205796
PL_CKSAAP_345,0.2509561336809174
PL_AAIndex1_266,0.25088100322306506
F2,0.25067940555760915
SDD,0.2505879520421428
PL_AAIndex1_77,0.2503739487325136
GH.1,0.25027796497791055
GGS,0.2502534954531175
CR,0.2501192654276321
SDG,0.25008366336598087
PL_CTDD_9,0.2500188779512813
PL_CTDD_88,0.25000308834455565
TW,0.2499944401946972
KF1,0.24995299360513235
PL_CTDD_24,0.249888889266229
FHG,0.24985665755663078
PL_AAIndex1_286,0.24981287442650357
VT,0.2497988606013708
AP,0.24975920696207377
PL_CTDD_44,0.2497297655209021
FR,0.2496570478363389
PL_CKSAAP_101,0.249607166275033
PL_AAIndex1_42,0.24955153365708282
EV,0.24952143991793196
PL_AAIndex1_347,0.24949079398037544
PL_CKSAAP_195,0.2493784758404165
SSD,0.24910391692401612
PL_AAIndex1_139,0.24908500919758225
VHSE8,0.24890882752755994
PL_CKSAAP_167,0.2488939092424851
PL_CKSAAP_140,0.24886585726031063
PL_AAIndex1_20,0.2487952420480961
PL_CKSAAP_107,0.24834979769885157
PL_AAIndex1_213,0.24824619346146637
PL_CTDT_30,0.24761880763852773
PL_CTDD_99,0.2472454911899078
PL_CKSAAP_337,0.24694106868846477
FFF,0.2463891573540189
EA,0.24622122273155966
TN,0.2458509133362412
PL_CKSAAP_57,0.24583044190460512
PL_AAIndex1_323,0.24579885430721404
PL_CTDD_83,0.2457837258478741
VS,0.24550175487346948
HL,0.24538610409885475
PL_CKSAAP_155,0.2453748638600617
DY,0.24530326089128573
PL_AAIndex1_200,0.24529111293285322
PL_CTDD_183,0.2452433051499212
PL_AAIndex1_349,0.24516807055647805
DS,0.2448115180978605
PL_CKSAAP_40,0.24419331002946576
PL_CTD_245,0.24405690218932152
PL_CTDD_151,0.2438480335329558
PL_AAIndex1_311,0.24383390623864898
TI,0.2437513090479162
PL_QSO_Grantham_18,0.2436855616764264
DQ,0.24358077187863092
MF,0.24348200260386355
PL_PAAC_21,0.24326553877163892
AL,0.24310798935024946
ER,0.2430963001513451
SHH,0.2426136998174826
RM,0.24257630325621493
SW,0.24256724705207544
PL_AAIndex1_78,0.2425329572303614
MW,0.24250363410842013
T1,0.24238940532868591
PL_CTDC_29,0.24232104122438258
PL_CTDC_23,0.24194536579324755
PL_CTD_40,0.24146647224542406
PL_AAIndex1_257,0.24132776274524526
PL_AAIndex1_196,0.24116054075695104
PL_CTDT_6,0.24095790958655883
PL_CTDC_5,0.2407035811194813
PL_AAIndex1_410,0.2406879446710617
QT,0.2405067016344633
HS,0.24013952340395628
PL_CKSAAP_305,0.24004572312418304
PL_CKSAAP_183,0.24002004748097638
PL_AAIndex1_434,0.23968502679316384
QA,0.23966118303353356
SVGER3,0.23944557861720606
PL_QSO_SW_18,0.23938614301747396
PL_CKSAAP_75,0.23931407602715948
ProtFP3,0.23906815646241242
MN,0.23905629967011022
AE,0.23900171866625985
PL_AAIndex1_423,0.23869209989584927
QQ,0.23866502355528185
RK,0.23858530650288534
PL_CKSAAP_322,0.23852532369093193
PL_AAIndex1_264,0.23834837583503177
PT,0.23834533482621145
YN,0.23807840210788678
HD,0.2380693447954476
PL_CKSAAP_216,0.23800021451193043
RA,0.2378818732481056
PM,0.2378335783140466
PL_CTDD_161,0.23760748051121672
PL_AAIndex1_315,0.23753132764283524
T5,0.23724539625311092
PL_AAIndex1_158,0.23700673900311964
PL_CTDD_182,0.2368172953230303
PL_AAIndex1_541,0.2367455363346198
PL_AAIndex1_344,0.23670989766494266
PL_AAIndex1_346,0.23657069840508305
PL_AAIndex1_28,0.23633483114891662
PL_AAIndex1_440,0.23617247180159717
PL_AAIndex1_330,0.2360769233996063
PL_CKSAAP_357,0.2360181544736819
PL_CKSAAP_316,0.2358671546056441
PL_CTDC_30,0.23575530060717576
PL_CKSAAP_11,0.23567665031586715
HC,0.2353740922133496
AA,0.2351889088480954
PL_CTDD_108,0.2348394950017747
PL_CKSAAP_74,0.23472058020937903
PL_AAIndex1_432,0.2345376536959316
PL_AAIndex1_81,0.23448339346562008
KF6,0.23403900007049794
PL_AAIndex1_329,0.23378753016794285
WC,0.23375668206076528
IW,0.23360330154306697
PL_AAIndex1_548,0.2333835871114034
PL_AAIndex1_544,0.23335045683299516
PL_CKSAAP_62,0.23307687135982347
PL_APAAC_23,0.23275656487605545
LS,0.23259754762645324
PL_AAIndex1_136,0.23250474423428047
PL_CKSAAP_114,0.2321632308558801
WN,0.2321629991759826
HY,0.2319439438422246
F4,0.23174757714790628
PL_AAIndex1_143,0.2317346166399381
PL_CKSAAP_108,0.23149992491397997
YH,0.23142115325788248
PL_AAIndex1_303,0.23141338345967677
PL_CKSAAP_307,0.23109629268387843
PL_AAIndex1_294,0.23108287737896305
PL_AAIndex1_283,0.2308225635844514
VA,0.23079260407314273
PL_AAIndex1_187,0.23077401538147058
SGD,0.23068542447288554
AF2,0.23023921910199396
PL_CKSAAP_122,0.22991732937689102
PQ,0.22974005882179505
PL_CKSAAP_242,0.22959053109839989
PL_AAIndex1_232,0.22918775633598898
PL_CKSAAP_100,0.22916971533659458
GG,0.22913101692265858
PL_AAIndex1_429,0.2287670471315204
VSTPV1,0.22857932641640977
PL_AAIndex1_117,0.22842670246731034
PL_AAIndex1_90,0.22826890170025482
PL_AAIndex1_538,0.2281287489479462
PL_AAIndex1_552,0.22804185217263173
PD1,0.22769161393027115
H.1,0.22758271923640594
VSTPV4,0.22745759445970437
PL_AAIndex1_87,0.2273302671341506
PL_CTD_212,0.22724481334726043
PL_AAIndex1_439,0.22722738289761013
G,0.22694430481655603
G.1,0.22691326312826998
PL_CKSAAP_168,0.22687721485864554
PL_CKSAAP_67,0.22650639160753672
PL_AAIndex1_64,0.22643176556182265
PL_CTDD_72,0.22638320684237545
PL_CTDD_122,0.22616374630337344
PL_AAIndex1_531,0.22602693029403298
TS,0.22601592254496428
ST,0.22592936097137528
FH.1,0.2258105471908105
PL_CKSAAP_280,0.22578304958712847
IR,0.22536935840267747
PL_CTDD_22,0.22535225574627082
DS.1,0.22521405174973141
L,0.22518519084761834
PL_CTDD_28,0.2251327890533119
BLOSUM6,0.22509672428320515
PL_CTDD_128,0.22441989894979963
PL_AAIndex1_480,0.2243713924437012
PL_AAIndex1_318,0.22434868908620365
PL_CKSAAP_188,0.22400372547473069
PL_CKSAAP_349,0.22399360702252347
MP,0.22399259322173704
HF.1,0.22377935202296184
PL_CTD_154,0.22345518956753452
PL_AAIndex1_322,0.22333701512192983
SVGER6,0.22323427389061345
PL_CKSAAP_317,0.22318389007068573
PL_CTDD_92,0.2230126019516594
PL_AAIndex1_321,0.22294201569706518
PL_AAIndex1_137,0.22280406837855926
PL_AAIndex1_534,0.2225882333053959
PL_CTDD_137,0.22233638418492196
PL_AAIndex1_111,0.22188335649791613
PL_AAIndex1_539,0.22171644292356385
PL_AAIndex1_495,0.22169328497392726
PL_CTDD_46,0.22164296891373425
PL_AAIndex1_108,0.22154242049240525
AF4,0.22153750488238533
GSF,0.22146462487436702
PL_CTDT_14,0.22137733594786635
PL_CTD_79,0.22133296725751617
PL_CKSAAP_295,0.22126052231160598
PL_ATC_atoms_2,0.22113150110864188
PL_AAIndex1_61,0.2210162223937222
PL_CKSAAP_145,0.22100120517833144
PL_AAIndex1_37,0.22098993197853645
PL_CKSAAP_287,0.220819385096529
PL_AAIndex1_498,0.220728134014339
PL_CTDC_10,0.22040145130615185
RE,0.22016973105416549
W,0.2196828462752789
FM,0.21967913294760466
SGG,0.21958188674005852
PL_AAIndex1_156,0.21948683388727952
PL_AAIndex1_153,0.2194249802022994
MG,0.21930580562991553
PL_CTDD_41,0.21921581421765834
PL_CKSAAP_52,0.21890297530210745
PL_CTDT_34,0.21873641046166847
ProtFP6,0.2186911967032148
PL_AAIndex1_73,0.21853406439550582
ST1,0.21852445343071203
SVGER7,0.21848228881638176
PL_QSO_SW_19,0.21831853078456875
PL_CKSAAP_237,0.21791057886324783
PL_AAIndex1_170,0.2174053988101563
PL_AAIndex1_149,0.2171785975519196
PL_CTDD_57,0.21703209686303415
PL_AAIndex1_532,0.21678242400526448
PL_CTDD_32,0.2167701248459477
PL_QSO_Grantham_19,0.216522196464203
DH.1,0.2164086531614755
PL_CKSAAP_142,0.21623547443025481
PL_CKSAAP_36,0.2159551645539115
PL_CTDD_153,0.2158904309571663
SDS,0.21555325326820984
MQ,0.2154942314633348
KM,0.21534748094254885
PL_CTD_31,0.2153374964275434
PL_AAIndex1_365,0.21531163037944223
PL_QSO_SW_21,0.2152482146058028
RS,0.21510337346052433
PL_AAIndex1_417,0.2149761109128412
PL_AAIndex1_412,0.21478405980925075
PL_AAIndex1_165,0.21474891913159366
PL_CTDD_178,0.21470854112033289
PL_Entropy_0,0.21469543102278
YK,0.21460634396477074
VL,0.21443197554898497
PL_AAIndex1_8,0.2144314588594609
NN,0.21438332326568554
PL_AAIndex1_385,0.21424008646543236
PL_AAIndex1_83,0.21405682759401934
T3,0.21394074760819848
FHF,0.21393160219702745
HH,0.2137510066482382
PL_CTD_109,0.2137005002764969
PL_CKSAAP_187,0.21352479456495033
QM,0.21349990604304603
PL_CKSAAP_72,0.21346449204111595
QG,0.21330509211211357
PP3,0.2132895397554635
PL_CKSAAP_297,0.2131292149801003
PL_CKSAAP_329,0.2128343714647416
SV,0.21274306915694696
NA,0.21271294574654664
PL_AAIndex1_431,0.2126618267349687
NM,0.21236880183107631
PL_AAIndex1_252,0.2122197619717472
PL_AAIndex1_159,0.2122197619717472
VV,0.21219016269003532
PL_AAIndex1_436,0.21217097321331346
PL_CKSAAP_61,0.2120256810010699
PL_AAIndex1_51,0.21198836949296318
SGH,0.21196339764536587
PL_CTDD_93,0.21194650716884667
SE,0.21183325077826298
PL_CTDT_12,0.21176154036547246
PL_AAIndex1_547,0.21162229721591652
IS,0.21141210033179325
PL_AAIndex1_124,0.21126592236783148
PL_CTDD_157,0.21112011712063383
AW,0.2109554174446009
PL_CKSAAP_104,0.2109348428413056
PL_CKSAAP_181,0.21086138371886687
PL_CKSAAP_35,0.2105348426336926
PL_AAIndex1_172,0.20997898599079168
PL_CTDD_158,0.20991520379962214
PL_CKSAAP_347,0.20985833481510907
PL_AAIndex1_22,0.20974515061909527
PL_CKSAAP_112,0.20949839319900088
PL_AAIndex1_175,0.20932640228585742
FGS,0.20923846273781788
PL_AAIndex1_62,0.20922769727760793
PL_CKSAAP_236,0.209135875439459
PL_CTD_120,0.20905703830921318
PL_CTDC_4,0.2087838774892914
PL_AAIndex1_377,0.20852658255286016
PL_CTDD_17,0.2084877725446952
PL_CKSAAP_153,0.20844963458562882
PL_CKSAAP_102,0.2080893487372717
PL_CTDD_167,0.20803982936980647
PL_CTDD_177,0.20770187756221192
PL_CKSAAP_156,0.20756977834550172
PL_AAIndex1_368,0.20756372420050972
FSG,0.20749629848203588
PL_CKSAAP_4,0.20737773880777333
PL_CKSAAP_42,0.20732601783357252
PL_AAIndex1_328,0.20729055993637768
PL_CTDT_37,0.20725980660967025
BLOSUM5,0.20713975673322826
PL_CKSAAP_340,0.20704116897283997
PL_CTDC_16,0.20690609374789526
PL_CTDT_19,0.20679341710929222
PL_CKSAAP_339,0.20649392147967438
GGH,0.20639476792813394
PL_CTDT_21,0.20611376073885435
PL_CKSAAP_68,0.2059976635107308
PL_CTDD_87,0.20580275388951952
NT,0.20579808124784327
PL_CTDT_35,0.20575398232736708
SD.1,0.2054172449935252
PL_CKSAAP_308,0.20536577151740554
PL_QSO_SW_5,0.20530544971371478
VHSE3,0.2047321521451524
PL_CKSAAP_115,0.20444020781596173
PL_AAIndex1_80,0.20424830806481786
PL_AAIndex1_415,0.20416322755576521
PL_CKSAAP_17,0.20415977551557551
PL_AAIndex1_473,0.2040046457885416
PL_CKSAAP_157,0.2039955165751075
PL_AAIndex1_188,0.2039271573933279
PL_CTDD_86,0.20378566128084152
GSH,0.20352308954415
TF,0.20339409207858772
PL_AAIndex1_235,0.2033703095932271
AG,0.20331222270236182
PL_AAIndex1_32,0.2032196996829847
PL_CKSAAP_350,0.20321369567286673
PL_QSO_Grantham_12,0.2032042149309965
PL_CTDD_181,0.20314517012930278
PL_CTDD_66,0.20303491232686044
PL_AAIndex1_71,0.20282210478234441
PL_CTD_281,0.202816136136041
PL_CKSAAP_20,0.20270694645662646
PL_CTDD_13,0.20256719882633423
PL_CTDD_193,0.20240843852140822
PL_CKSAAP_254,0.20169325114428016
PL_CKSAAP_189,0.20164604061104097
PL_AAIndex1_223,0.2016241579201199
SSG,0.20153064345006344
PL_CKSAAP_53,0.20150075047338678
NQ,0.20122111367827777
PL_AAIndex1_26,0.2009253950392944
PL_CTDT_27,0.20088614744693656
PL_CKSAAP_119,0.20076135692629027
PL_CKSAAP_192,0.20068403459868023
CM,0.20035103586648662
PL_AAIndex1_376,0.20029458642630837
PL_CKSAAP_260,0.20023730819840546
PL_QSO_Grantham_9,0.20018558678723108
PL_AAIndex1_441,0.19984298326696148
PL_AAIndex1_361,0.19981069679759766
PL_CKSAAP_296,0.19980493045908165
PL_CKSAAP_283,0.1997774159036121
PL_CKSAAP_152,0.19961662679944858
PL_CKSAAP_176,0.19952766399397737
WW,0.19948630789623767
PL_AAIndex1_533,0.19911456559285412
PL_CKSAAP_300,0.19896274969368744
PL_CTDD_146,0.19882309416502064
PL_CKSAAP_9,0.1988062358356415
PL_CTDD_116,0.19879144115509195
PL_CKSAAP_302,0.19870139969943557
PL_CTDC_38,0.19858704466873833
LL,0.19850610947555447
PL_CKSAAP_354,0.19849918908272057
PL_CTD_89,0.19822958235637866
PL_CKSAAP_7,0.19811481928080044
PL_CKSAAP_48,0.1980935563003099
PL_AAIndex1_422,0.19808770615609772
PL_AAIndex1_341,0.19784458535875915
PL_CKSAAP_170,0.19757378343521204
PL_CKSAAP_256,0.19745834986467292
PL_CKSAAP_89,0.19717023263244027
PL_AAIndex1_279,0.19675605116827377
PL_CKSAAP_120,0.1964176804976865
PL_CTDD_51,0.1963354258455241
PL_CTD_269,0.19572902095840927
I,0.19563770846205664
PL_CKSAAP_353,0.1955918663318723
S.1,0.1953654019005433
PL_CTDD_42,0.19533846384901477
PL_CKSAAP_29,0.19485725957446354
A,0.19484148753128805
PL_AAIndex1_474,0.19484002615830232
ST3,0.19476102072071866
PL_CTDD_76,0.19475622820597538
SSH,0.19467111532057668
PL_CTDD_186,0.1946510269588475
PL_CTDT_33,0.19425186436304687
QD,0.19423937076528075
PL_CKSAAP_336,0.19402202550672287
PL_CKSAAP_222,0.19373486825079933
PL_CKSAAP_355,0.19370913151893632
PL_CKSAAP_196,0.19365216115818207
SVGER2,0.19362147891209336
PL_CTDD_124,0.19319404984310085
PL_AAIndex1_503,0.1929059742935615
PL_CKSAAP_105,0.19289331397163867
PL_CTD_248,0.1925747791934569
PL_QSO_SW_20,0.19224930439777133
PL_CTD_201,0.19211905264963391
PL_AAIndex1_470,0.19195757040453376
PL_CKSAAP_335,0.19193177077300705
HM,0.19161325365201387
SFG,0.19159705114606318
PL_AAIndex1_442,0.19153258569249143
CQ,0.19141244990874595
PL_CKSAAP_64,0.19133835536839516
Y,0.1913378034224653
PL_AAIndex1_451,0.1912965772107924
PL_CTDT_7,0.19108218372206398
PL_AAIndex1_306,0.19101246513200865
PL_QSO_Grantham_8,0.19087758664038246
PL_AAIndex1_308,0.19084036243745128
P,0.19057527364279903
PL_QSO_Grantham_7,0.19036718626044902
LQ,0.19035332261466698
PL_CTDD_58,0.19034543890691635
HA,0.1903203810806895
PL_AAIndex1_549,0.1902970894271241
PL_CKSAAP_0,0.19027166840688592
PL_AAIndex1_89,0.1901301708624028
PL_CTDT_31,0.18998262405740496
PL_CTDD_62,0.18991751611304641
SH.1,0.18981906076388189
PL_CTDD_98,0.18968431350471482
PL_CKSAAP_163,0.1894372383743832
PL_CKSAAP_174,0.18942638082985175
HK,0.1894253654739324
PL_QSO_SW_0,0.1891684023911755
PL_CKSAAP_172,0.18911816442981566
PL_CTDD_174,0.18909157014275735
PL_AAIndex1_504,0.18901389584171024
PL_AAIndex1_273,0.18890428417288518
PL_CKSAAP_257,0.18864084863738784
PL_AAIndex1_493,0.1882701093594208
PL_AAIndex1_92,0.18805548956197615
PL_AAIndex1_332,0.18793434167870515
PL_CTD_283,0.18762562821202167
PL_AAIndex1_384,0.18760027419811687
PL_CKSAAP_217,0.18725906435961992
PL_CTD_135,0.18722043386869158
PL_CTDD_37,0.18680774887826024
PL_CTDD_176,0.18670401664347613
PL_CTDT_1,0.18661669121818614
PL_CTD_82,0.18624843359495635
GGG,0.18621320453821388
PL_AAIndex1_375,0.18608563195558148
PL_CKSAAP_87,0.18606826426441492
VP,0.18600197967292553
PL_AAIndex1_542,0.185921662788187
PL_AAIndex1_185,0.18575088146930563
PL_CKSAAP_186,0.18546727964977006
VSTPV6,0.18540595285707884
PL_AAIndex1_312,0.18534539363633007
FS.1,0.18501039532349184
PL_CKSAAP_252,0.1849825418337927
PL_AAIndex1_369,0.18488139056545938
PL_CKSAAP_149,0.184871688795758
PL_CTD_38,0.1848180699631854
PL_CKSAAP_43,0.1846049872353679
S,0.18448341173358962
PL_CKSAAP_37,0.18421450340564682
PL_CTD_101,0.1841007953729581
PL_AAIndex1_262,0.18391816293979568
PL_CTDD_173,0.1838692334849945
PL_CTDD_6,0.1836825344008366
PL_CKSAAP_103,0.18357722030963997
PL_CKSAAP_227,0.1835365578825079
TM,0.18348334363182817
SA,0.18333678290680444
PL_CTD_273,0.1833365316793385
QC,0.1832337462261191
PL_CKSAAP_314,0.18319740532450757
PL_AAIndex1_74,0.18301332941026205
PL_Moran_6,0.18235701818195604
PL_AAIndex1_154,0.1821565379024812
PL_CKSAAP_162,0.18194065874754717
PL_CKSAAP_177,0.1819135926440003
SV4,0.18188008099104502
NR,0.1818248301138392
PL_QSO_Grantham_11,0.18172564560992965
MC,0.18113280541186638
PL_CKSAAP_161,0.18089666374643265
PL_CTDD_59,0.18067612134052835
PL_AAIndex1_505,0.18044627352695208
PL_AAIndex1_260,0.1801791480304269
PL_AAIndex1_543,0.17994423438461116
PL_CKSAAP_309,0.1798737395578205
PL_CKSAAP_243,0.17985056660423915
PL_CTDD_52,0.17981766373921237
WH,0.17968373399921234
PL_CKSAAP_80,0.1796547727707538
PL_AAIndex1_479,0.17930174875581129
QH,0.1790500084907074
PL_CTD_296,0.17887995565353787
PL_CKSAAP_205,0.17859864209328435
PL_CTD_203,0.17859461683912103
PL_QSO_Grantham_16,0.17828317393324777
PL_CKSAAP_76,0.17802926596402502
PL_CTDC_1,0.1779887148657373
PL_CKSAAP_13,0.1779439027051728
PL_AAIndex1_206,0.17787115620442107
BLOSUM7,0.1771944514159789
PL_AAIndex1_395,0.17717718686495676
PL_AAIndex1_285,0.17714177810132092
PL_AAIndex1_63,0.17650394241093315
PL_CTD_75,0.17647941564075964
PL_AAIndex1_116,0.17646615784018715
PL_AAIndex1_259,0.17637500441857323
NW,0.17626731378366056
PL_AAIndex1_458,0.17623674552925062
PL_CKSAAP_311,0.17617242498565266
PL_AAIndex1_207,0.17583639980206378
KF8,0.17566556978564218
GSG,0.1756212273403408
PL_CTDD_67,0.1755869666122325
K,0.17557774119089986
PL_CKSAAP_327,0.1754525839985579
PL_QSO_SW_16,0.17514586992290937
PL_CKSAAP_58,0.17506968941424095
PL_CKSAAP_249,0.17481074245893646
PL_Moran_2,0.17452451223207577
PL_CKSAAP_199,0.17438743891089548
PL_CTD_180,0.17420057812148748
BLOSUM3,0.17418311232538386
PL_CKSAAP_194,0.1737835287688818
PL_AAIndex1_162,0.17354210021826955
PL_CKSAAP_164,0.17350478928801616
PL_CKSAAP_131,0.17350279625925857
PL_AAIndex1_411,0.17348256418492847
PL_CTDD_127,0.1731395837641827
PL_CTD_119,0.1730993296388954
PL_CKSAAP_223,0.17304935374453967
PL_CTD_231,0.17299909248433787
T,0.1729765963797445
PL_CKSAAP_21,0.17285595743896165
PL_AAIndex1_202,0.17276197014610384
PL_CTD_310,0.1726325504800701
PL_Geary_5,0.17252091383905377
PL_AAIndex1_222,0.17228257919686918
PL_AAIndex1_400,0.17225993716496735
MSWHIM3,0.1720005965102045
PL_CTD_250,0.1719243421463017
PL_CKSAAP_14,0.1714797982356333
PL_CTDD_16,0.17137370787671102
PL_CTDC_25,0.17133241050431058
PL_CKSAAP_389,0.171221112012526
PL_AAIndex1_545,0.17118930499003415
PL_AAIndex1_338,0.17098697038278
PL_AAIndex1_189,0.17067420986682924
PL_CTDT_11,0.17043581438835398
PL_AAIndex1_15,0.17039568711415898
WY,0.17032653219975158
PL_CTD_25,0.17018680449885037
PL_AAIndex1_284,0.17012762813682603
PL_AAIndex1_428,0.16991977564012606
PL_CKSAAP_15,0.1698483150328185
PL_AAIndex1_258,0.16969789648793432
PL_CKSAAP_70,0.1693974924964361
PL_CTD_257,0.16936690545597433
PL_AAIndex1_261,0.1692144717014905
PL_AAIndex1_30,0.16916860508114517
M,0.16906157921946807
ST6,0.16900614416451143
PL_CTDT_13,0.16882298488877145
PL_CTD_159,0.1688139723697608
PL_CTD_102,0.1687935129065723
PL_CTDD_117,0.16855676012326537
PL_CTD_182,0.16847710592574439
PL_CTD_141,0.16844395661218803
PL_CTDD_147,0.16837590524199575
Z3,0.1683469385238361
PL_CKSAAP_113,0.16816169102385148
PL_CKSAAP_312,0.16781918544064744
PL_AAIndex1_324,0.1677389768008677
InstabilityIndex,0.16710735369876506
PL_CKSAAP_272,0.16706372621581123
PL_CKSAAP_277,0.16679063566550179
PL_AAIndex1_455,0.16636397685041615
PL_CTDD_1,0.16620787349704758
PL_CKSAAP_106,0.16607299217648208
PL_CKSAAP_179,0.16585890700616357
PL_CTD_274,0.16584390335218702
PL_CKSAAP_281,0.1656396874737207
PL_CTD_32,0.1655013370079903
PL_CTDD_101,0.16524088254018654
PL_CKSAAP_150,0.16523457363346994
PL_AAIndex1_551,0.16510666584464317
PL_CTD_20,0.16510053128128455
PL_CKSAAP_265,0.16492173467551297
PL_CTDD_74,0.16491475398568634
HGS,0.16491158176519916
PL_CTD_53,0.1648014005739591
PL_CKSAAP_154,0.1647324722960697
PL_CTDT_3,0.1645897295670009
PL_CKSAAP_148,0.16457542636214972
PL_CTD_44,0.1645737681422763
PL_QSO_Grantham_21,0.1644497100484248
PL_CKSAAP_397,0.16431720101912406
PL_CTD_249,0.16429673869650996
PL_AAIndex1_497,0.1641981546844722
PL_CKSAAP_71,0.16402309079924926
PL_CTD_115,0.16381917125262335
PL_Geary_6,0.16310444197859075
PL_CKSAAP_83,0.16238422332710023
PL_AAIndex1_18,0.1623386717902835
E5,0.1622433328657058
PL_AAIndex1_416,0.16221334819727806
PL_AAIndex1_490,0.16218892017848985
MH,0.16198635908085857
PL_AAIndex1_378,0.16187977405999865
PL_CKSAAP_147,0.1614914229282336
PL_CTD_85,0.16146503007854118
PL_AAIndex1_59,0.16136058725099067
PL_CTD_23,0.16114841309462502
PL_CKSAAP_12,0.1609772284308657
E3,0.1608781144195408
PL_CTD_94,0.16069991943599593
PL_CKSAAP_320,0.16069523175423495
PL_CKSAAP_259,0.16061314402969762
PL_QSO_Grantham_13,0.16054705725171958
PL_AAIndex1_41,0.16053388614994635
PL_CTD_225,0.16050900864904216
PL_CKSAAP_285,0.16048097075587142
PL_AAIndex1_31,0.1603674006218525
PL_CTDD_121,0.16031014869120552
PL_CTD_288,0.16029865567435397
PL_CKSAAP_1,0.16015474050507406
PL_AAIndex1_133,0.16011099860017053
PL_CTD_219,0.15991594275343957
PL_CTDC_21,0.15991561163742984
PL_CTD_208,0.15987591272380097
PL_AAIndex1_413,0.15979187012012153
PL_CKSAAP_301,0.15939536079159256
PL_AAIndex1_391,0.15931237701460388
PL_QSO_SW_2,0.15929825134407416
PL_QSO_Grantham_20,0.1592698876953098
PL_CTD_207,0.15918506983715108
PL_CTDD_112,0.15910074584444045
E4,0.15898910105101738
PL_CTD_222,0.1589415674941943
PL_CTDD_71,0.15893200616863634
PL_CKSAAP_385,0.15876325153670034
PL_CTDD_118,0.15875059576440176
Helix,0.1586795458998198
PL_AAIndex1_249,0.1586619482889451
PL_CTD_66,0.15864680486279026
PL_CKSAAP_324,0.15862970153640132
PL_CTD_86,0.1586128118028487
GSS,0.1585810241710095
PL_AAIndex1_310,0.15857231366999214
GSD,0.15849683929644964
PL_CKSAAP_54,0.158429415742674
PL_CTD_33,0.15841465752758843
PL_AAIndex1_475,0.15834193295052623
PL_CTD_39,0.15832495958083292
PL_CTDD_142,0.15799620280030302
PL_CTDD_21,0.15797121054113372
PL_CKSAAP_235,0.15790109095559401
PL_CTDD_148,0.15783008495075634
PL_AAIndex1_93,0.15780405420053256
PL_CKSAAP_232,0.15779646219997456
PL_AAIndex1_201,0.1570939247527332
PL_CKSAAP_304,0.1569901330509622
MM,0.15691791460468663
PL_CTDD_26,0.1568568466783704
PL_CKSAAP_200,0.1566755988680364
PL_CKSAAP_381,0.15637344151040855
PL_CKSAAP_193,0.15620631239949123
PL_AAIndex1_203,0.15618007558473712
PL_AAIndex1_281,0.15617992179054685
R,0.15605291350824224
PL_CTD_6,0.15600394709934307
PL_CKSAAP_328,0.15580659211601988
N,0.15579605378436723
PRIN3,0.155607000506377
HG.1,0.1555946263659287
PL_CKSAAP_267,0.15549818660529668
PL_CKSAAP_338,0.15535354850677052
PL_CKSAAP_2,0.15525507491458646
PL_CKSAAP_93,0.15489271689347905
PL_Moran_5,0.15487583414155148
PL_QSO_Grantham_17,0.15480716070346556
PL_CTD_4,0.15473989799682508
PL_CKSAAP_141,0.1546627839998962
PL_CKSAAP_303,0.15421647234832125
PL_CKSAAP_333,0.15420770281984142
PL_CTDT_18,0.1541392294261037
PL_CTD_197,0.15407160765901518
PL_CTD_282,0.1539212557286911
PL_CKSAAP_55,0.1539020470976058
PL_CTDT_23,0.15363165347195817
PL_CTD_276,0.15346713253239974
PL_CKSAAP_10,0.15316471686257538
PL_CTD_264,0.15313072214112866
ST7,0.15283874653810292
PL_CKSAAP_203,0.152761571693103
PL_CKSAAP_383,0.15268062024638107
PL_CTD_5,0.15264662068038204
PL_Moran_4,0.1526209221384489
PL_CTD_18,0.15244434778171545
PL_AAIndex1_24,0.15233118247942024
PL_CTD_69,0.15232156093177496
GS.1,0.15216356157891164
PL_CKSAAP_332,0.15198811108306653
PL_QSO_SW_10,0.15190320127969503
GHG,0.15176256661729548
PL_CKSAAP_128,0.15158850130274137
H,0.1514120331523401
PL_CTD_302,0.15140979088157147
PL_CKSAAP_292,0.15127775518394593
PL_CTDD_68,0.15126899519090298
PL_CKSAAP_269,0.1512377128783644
PL_CTD_285,0.15104130330834753
PL_CKSAAP_319,0.15104034866852611
SS.1,0.15077362284789508
PL_CKSAAP_175,0.15073925748797423
PL_CTDD_23,0.15067248857150695
PL_CTD_35,0.15064128173971936
PL_AAIndex1_115,0.15062707363394745
PL_AAIndex1_394,0.15054820235971889
PL_CTD_284,0.1505160302236468
PL_CKSAAP_253,0.15036545158478853
PL_CKSAAP_226,0.14939729421165637
PL_CKSAAP_225,0.14890428600653483
PL_CTDC_27,0.148788710226897
PL_CTDD_53,0.1486552042672593
PL_CKSAAP_184,0.14863563663090762
PL_CKSAAP_250,0.14858598763544606
PL_CTDC_19,0.1485341847838635
PL_Geary_2,0.1484935982922364
PL_CTDD_102,0.1482326440517272
PL_CTD_229,0.14809178789662125
PL_CTD_138,0.14801424498172544
PL_AAIndex1_135,0.14795431001976755
PL_CTD_309,0.14793718711737025
Q,0.14786404594671732
BLOSUM10,0.1477944395578632
PL_CTD_88,0.14772596577940122
SHG,0.14756352144843055
PL_CTDD_136,0.14751383134072293
PL_CTD_78,0.14746720424238724
PL_CTD_148,0.1472247482033877
PL_CKSAAP_231,0.14707270307560494
PL_QSO_Grantham_22,0.14701756292599244
PL_CKSAAP_315,0.1468650139235148
PL_MoreauBroto_2,0.14674532978633303
PL_CKSAAP_207,0.14665371748985434
PL_CTDC_13,0.14654039244164174
PL_CTD_156,0.14648371338709198
PL_AAIndex1_471,0.14644718775588572
PL_CKSAAP_330,0.14626184204593384
PL_MoreauBroto_5,0.14575474434421176
PL_CKSAAP_365,0.14569850043544275
PL_AAIndex1_337,0.14564808198931445
PL_CTD_127,0.14560214165415886
PL_CKSAAP_245,0.14553383774341677
PL_Moran_1,0.145525737743172
PL_QSO_SW_13,0.1455239985894221
PL_Moran_7,0.14547915183406124
PL_Geary_7,0.1451659374052241
PL_CKSAAP_268,0.1450092329490742
PL_AAIndex1_469,0.144740719833945
PL_CKSAAP_151,0.14470997582929845
ProtFP5,0.14463895952528283
SGS,0.14461334901800438
PL_CTDD_106,0.1445043750988666
PL_AAIndex1_250,0.14437505416404983
PL_AAIndex1_204,0.14434881346635153
PL_CTD_158,0.1443359105566131
PL_CTD_43,0.14420919054220027
PL_CTD_12,0.14417636528029965
PL_CTD_206,0.14411299643842934
PL_AAIndex1_459,0.14409956865527596
ProtFP8,0.14386207106943738
PL_CTDT_29,0.14379751019819542
PL_CTD_30,0.14374827321804862
PL_CTD_255,0.14367829791405962
PL_CTDD_138,0.143614989998897
PL_Geary_4,0.14358387325752364
PL_CTD_295,0.1435145358012253
PL_CKSAAP_388,0.14345402161789123
PL_CKSAAP_56,0.14343751330110432
PL_CKSAAP_138,0.14325176060904665
PL_CTD_252,0.14298693766326487
PL_CTD_311,0.14294160263764555
PL_MoreauBroto_7,0.14281270363499798
PL_QSO_Grantham_6,0.14275614005224613
PL_CKSAAP_221,0.1427171763461943
PL_AAIndex1_409,0.14200945155431732
HGG,0.14198715469391265
HH.1,0.14197752579232992
PL_CKSAAP_396,0.14195310207951728
PL_CKSAAP_331,0.14187720283502037
PL_CKSAAP_211,0.14176997075384135
PL_CKSAAP_85,0.1416447280178721
PL_CKSAAP_96,0.14157256222200365
PL_CKSAAP_219,0.14124965357793684
PL_CTD_0,0.14117246377290682
PL_QSO_Grantham_10,0.14110603009088063
PL_CTD_27,0.14086026633803517
PL_QSO_SW_14,0.14085455946111392
PL_CKSAAP_94,0.1407571200561657
PL_CTD_81,0.14066044614724138
PL_CTD_246,0.14046451262342874
PL_CTD_263,0.14015085000695748
Z5,0.13965444247000702
PL_CKSAAP_351,0.13962434697232728
SSS,0.1393112165043493
HW,0.13918131131459033
PL_CTD_275,0.13901472862527608
PL_CKSAAP_110,0.1385651107056538
PL_CKSAAP_50,0.1385560573361304
PL_CTDD_31,0.13848091634302007
PL_CTD_235,0.13825824452516589
PL_CTDD_172,0.1381284445758162
PL_CTDD_97,0.1380647019869472
PL_CTD_236,0.13787205207768238
SVGER11,0.13778436308644926
PL_CKSAAP_276,0.13766171355026247
PL_CTDD_126,0.1371322187350259
PL_CTD_113,0.13691309513867944
PL_CTDC_7,0.13673368725312063
PL_CKSAAP_81,0.13656119761094487
PL_CTDD_131,0.13653282397420075
PL_CKSAAP_282,0.13652911318545558
PL_CKSAAP_240,0.13650508047199628
GHS,0.13622713921832963
PL_CKSAAP_95,0.13601855378956795
PL_CKSAAP_367,0.13589898002662393
PL_CTDD_156,0.13589439950962534
PL_CTD_306,0.13573372429054054
PL_CTD_191,0.13568362887457086
PL_CKSAAP_79,0.135672755094689
PL_CKSAAP_398,0.13562911547351364
PL_CTD_65,0.1356220510253534
PL_CTD_84,0.13554443986363696
PL_AAIndex1_540,0.13546750789915274
PL_CTD_205,0.13507443622601345
PL_CTD_132,0.13471305092939456
PL_CKSAAP_299,0.13450448125053605
PL_CTD_130,0.13428276066253275
PL_AAIndex1_363,0.13412384347851614
PL_CTD_24,0.13392610601591937
PL_CTD_57,0.1338148473859042
PL_CKSAAP_288,0.13328293800386204
PL_CTDD_141,0.1332225810373977
PL_CTD_42,0.13317937277787273
PL_AAIndex1_229,0.13300974978107316
PL_CTD_134,0.1329792254321811
PL_QSO_SW_12,0.13294207358693777
PL_QSO_Grantham_14,0.1327081961418548
PL_CTD_303,0.13246734794264947
PL_CKSAAP_274,0.1324463160321101
PL_CTD_3,0.13229520211293488
PL_CTD_151,0.13216887331564164
PL_CKSAAP_44,0.1321039632999601
PL_CTD_210,0.13209204833238042
PL_AAIndex1_98,0.13176848081762493
PL_CKSAAP_118,0.13175536413860955
PL_CKSAAP_344,0.131751895156746
PL_CKSAAP_51,0.1317383930202678
PL_CTD_77,0.13167217109660312
PL_CKSAAP_387,0.1315030942487283
PL_CTD_318,0.13134212509972576
PL_CTD_322,0.13115364225193327
PL_CKSAAP_23,0.1309541035385955
PL_CTD_37,0.13081847804140878
PL_CKSAAP_230,0.13002898702484078
PL_CTD_278,0.12941149703221244
PL_CTD_161,0.12926462235347502
PL_CTD_93,0.12894599590859768
PL_CTDD_56,0.12875592934135582
PL_CKSAAP_244,0.1284107222796016
PL_CKSAAP_224,0.12819173855199084
PL_CKSAAP_390,0.12818687970967257
PL_CTD_187,0.12802213387525185
PL_CKSAAP_19,0.1279112239775131
BLOSUM4,0.12772168821189478
PL_CKSAAP_363,0.12771980608118927
PL_CTD_211,0.1274014168065416
PL_CKSAAP_341,0.1273954267030577
PL_CTD_61,0.12726346676055922
F5,0.1271397655343418
PL_AAIndex1_300,0.12707274918711908
PL_CKSAAP_38,0.1269028876039906
PL_QSO_Grantham_0,0.12688704397794792
PL_CKSAAP_310,0.12651511206365473
PL_MoreauBroto_3,0.1264556628704674
PL_CTD_137,0.12633937270375917
PL_CKSAAP_238,0.12628874753260488
PL_CTD_152,0.12625952981806687
PL_AAIndex1_94,0.12603909989296547
PL_CKSAAP_294,0.1260250098790583
PL_CKSAAP_32,0.1258520720984193
PL_CKSAAP_28,0.12577186818420616
PL_CKSAAP_22,0.12567821117736422
PL_CKSAAP_190,0.12558332391000393
PL_CKSAAP_88,0.1254165767106672
PL_CKSAAP_208,0.1253625589741385
PL_AAIndex1_456,0.12535815037398068
PL_CTD_90,0.12531700442911875
PL_Geary_1,0.12530279230179753
PL_CTDD_38,0.12521173343431524
PL_CTD_126,0.12474248449496672
PL_CTD_170,0.12470108341424302
PL_CTDC_33,0.1246604802040685
PL_CKSAAP_136,0.12456579562345249
PL_CKSAAP_220,0.12432002086914862
SG.1,0.12423359407306878
PL_CTD_267,0.12423263592020017
PL_CTD_297,0.12412201682972102
PL_CTD_213,0.12397640771885188
PL_AAIndex1_280,0.12374587790566638
PL_CTD_17,0.12374359007822244
PL_AAIndex1_305,0.12360865749655847
PL_CKSAAP_362,0.12343244225844163
PL_CTDD_168,0.12291862755130056
PL_CTD_242,0.12256365006874237
PL_CTD_183,0.12251646648120396
PL_CTD_80,0.12237162523663203
PL_CKSAAP_262,0.12207349676764379
PL_CKSAAP_358,0.12175525490648287
PL_CTD_313,0.12162453950126118
PL_CKSAAP_26,0.12149663162246283
PL_CTDD_2,0.12149316177510405
PL_CTD_239,0.12142952456065537
PL_CKSAAP_275,0.12131234909324506
PL_AAIndex1_134,0.12120812082753973
PL_CTD_218,0.12114631100144324
PL_CTD_254,0.12093790114750291
PL_CKSAAP_214,0.12086206295297197
PL_CKSAAP_24,0.12081487922156553
PL_CKSAAP_173,0.1207338842199901
PL_CKSAAP_261,0.12041333979520719
PL_QSO_SW_11,0.12040194262648463
PL_CKSAAP_393,0.12033780110085468
HSG,0.12016160031287937
PL_CTD_54,0.11998655028514627
PL_CKSAAP_31,0.11972780878202549
PL_CTD_251,0.11964573004045986
PL_CTDD_113,0.11956467560669592
PL_CTD_60,0.11905186836625736
PL_CTD_133,0.11897540637595672
PL_CKSAAP_97,0.11887749698285388
PL_CTD_168,0.11874865338725016
PL_CKSAAP_248,0.11873763811919291
PL_AAIndex1_550,0.11836945245831831
PL_CTD_224,0.11833520236304818
PL_CKSAAP_247,0.1181800309288179
PL_CTD_215,0.11811749370958058
PL_CKSAAP_241,0.11739463955302076
PL_CTD_262,0.11721932207035568
PL_CKSAAP_360,0.11713585424783846
PL_CTD_217,0.11709833136054337
PL_AAIndex1_468,0.11702453046824779
PL_CKSAAP_334,0.11676465082376408
PL_CTDD_11,0.11658557501602518
PL_CKSAAP_33,0.1164541651385762
PL_CTD_166,0.11607077218984907
PL_CTD_177,0.11568130357656381
PL_CTD_62,0.11534443863850985
BLOSUM9,0.1152833793946102
PL_CKSAAP_384,0.11522712308127225
PL_CTD_290,0.11489545429372727
SF.1,0.1148881024343007
PL_CTD_28,0.11446616947656185
PL_CKSAAP_346,0.11436901824954715
PL_CTD_67,0.11433699185896407
PL_CKSAAP_392,0.1142275628308127
PL_CKSAAP_326,0.11417398341936824
PL_CTD_204,0.1141359599924554
PL_CTDD_107,0.11411716776380088
PL_CKSAAP_375,0.11406871164752896
HS.1,0.11399836523649887
PL_CTD_308,0.11394177521650217
PL_CTD_175,0.11373979935297918
PL_CKSAAP_234,0.11367885121201882
PL_CKSAAP_263,0.11359702516838999
KF10,0.11351106181102022
PL_CKSAAP_251,0.11337528873159419
PL_CTDD_96,0.1130981489773677
PL_CTD_29,0.11301825960774314
PL_CTDD_36,0.1129678351843193
PL_QSO_Grantham_15,0.11279046860598063
PL_CTD_271,0.11246606511938584
PL_CTD_129,0.11238715178544778
PL_CTD_10,0.11231533551213202
PL_CTD_200,0.11207597036896244
PL_CKSAAP_372,0.11205923375879756
PL_CTDD_91,0.11195165802801599
PL_CKSAAP_90,0.11183714148707624
PL_CTD_266,0.1116952850204993
PL_CKSAAP_144,0.11166405336355778
PL_MoreauBroto_4,0.11166277859416462
PL_CTD_315,0.11164655267863166
PL_CKSAAP_137,0.11155416222182657
PL_CTDD_82,0.11101102469693691
PL_CTDC_28,0.11098645439902022
PL_CKSAAP_212,0.110972307747224
PL_CTD_165,0.11064891469388005
PL_CKSAAP_59,0.11064793933296801
PL_CTDD_8,0.11064712244185726
PL_CKSAAP_78,0.11063261162169624
BLOSUM8,0.11023686470687011
PL_CTDD_7,0.10972083757394824
PL_CTD_73,0.10931770973814192
PL_CTD_58,0.10910657909969856
PL_CTDD_166,0.1089339643912286
PL_CTDD_103,0.10871734551231382
PL_AAIndex1_295,0.10870306794917095
PL_QSO_SW_22,0.1086433826910107
PL_CTD_91,0.10831795871797345
PL_CTD_189,0.10825748203542584
PL_CTDD_143,0.10819027065955167
PL_CKSAAP_321,0.10809134680834687
PL_CTD_190,0.10801614110979507
PL_CKSAAP_198,0.10785752217421152
PL_CTD_214,0.10784335325737082
PL_AAIndex1_334,0.10742164300246282
PL_AAIndex1_25,0.10740603612603117
PL_CKSAAP_191,0.10734425423241101
PL_CTD_164,0.10693120168287473
PL_CTD_19,0.10653577059690944
PL_CTD_74,0.10636190680198254
PL_CTD_228,0.10634895149805113
PL_CTD_253,0.10629004677884568
PL_CTD_247,0.10611800607159827
PL_CTD_103,0.10610307690784992
PL_CKSAAP_352,0.10607607181399237
PL_CTD_256,0.10560708527880713
PL_CKSAAP_313,0.10529698179819613
PL_CTD_121,0.10508815111841052
PL_CTD_136,0.1050705744816045
PL_CTD_87,0.10504415247584609
V,0.10476827835040892
PL_CKSAAP_99,0.10456992834881085
PL_CTDT_4,0.1044216503659432
PL_CTDD_159,0.10436057466322746
PL_CTD_179,0.10421384512288245
PL_CKSAAP_376,0.10399364896041963
PL_CKSAAP_218,0.10389774925641149
PL_CTD_260,0.10376801976056926
PL_CKSAAP_159,0.10360164292985052
PL_CKSAAP_27,0.10354278235892522
PL_CTD_147,0.10335110241618839
PL_CKSAAP_82,0.10314793573304648
PL_CKSAAP_284,0.10309825654570615
PL_CTD_123,0.10306993055671132
PL_CKSAAP_370,0.10250621929415216
PL_CTD_106,0.10231056490997137
PL_CKSAAP_379,0.10186532508196944
PL_CKSAAP_270,0.10175773792282827
PL_CTDD_27,0.10169933936375308
PL_CTDT_28,0.10150495800597925
PL_CTD_14,0.10113567278403224
PL_CKSAAP_209,0.10080489616009913
PL_CTD_122,0.10062113532510653
PL_CTD_8,0.10052779922438715
PL_CKSAAP_377,0.10032849950862444
PL_CKSAAP_34,0.10024101222201853
AF5,0.1002350945041588
PL_CTD_334,0.10014124070700747
AF3,0.10012194924028384
PL_CKSAAP_25,0.10002031165689651
PL_CTD_112,0.09970520801760774
PL_AAIndex1_491,0.0995886801164314
PL_CKSAAP_298,0.09924415314066204
PL_CTDD_12,0.09892774783911973
PL_CTD_9,0.098681907760787
PL_CTD_114,0.0982098699441849
PL_CTD_232,0.09815526878832692
PL_CTD_11,0.097917722332721
PL_CKSAAP_46,0.09787735376594231
PL_CKSAAP_201,0.0975992841999993
PL_AAIndex1_17,0.09749471421794809
PL_CKSAAP_228,0.09745654310012908
PL_CTD_323,0.09713749889386625
PL_CTD_184,0.09696254017677086
PL_CKSAAP_213,0.09681515131948304
PL_CKSAAP_171,0.09651797808708729
PL_CKSAAP_386,0.09607982969511042
PL_CTDT_22,0.09603743595102054
PL_CTD_261,0.09559337258393974
PL_Geary_3,0.09555863936218723
PL_CTD_277,0.09542833699498621
PL_CTD_298,0.0953759462331143
PL_CTDD_111,0.09522965470185385
PL_CTD_172,0.09502753690917842
PL_CTD_150,0.09491748780661613
PL_AAIndex1_366,0.09485878708143503
PL_CTD_234,0.09479333197349993
PL_CTD_51,0.09463378670365064
PL_CKSAAP_368,0.0944636215664243
PL_CKSAAP_18,0.09429700300543375
PL_CTDD_81,0.09422146345535776
PL_CTD_128,0.0941423755592381
PL_CKSAAP_66,0.09399855070113938
PL_CTD_241,0.09389215057898381
PL_CKSAAP_39,0.09382852727182778
PL_CKSAAP_394,0.09376514287554372
PL_CTD_108,0.0936229483920159
PL_QSO_SW_8,0.09360816244304893
PL_CTD_16,0.09353955342251652
PL_CKSAAP_382,0.09327359470966945
PL_CTD_41,0.0932179885913147
PL_CTD_15,0.09309670566499273
PL_CTD_36,0.09298916038219884
PL_CKSAAP_318,0.09291058999226731
PL_CKSAAP_92,0.09278525052567055
PL_CTDD_61,0.09273251858597487
PL_CKSAAP_178,0.09253199223591224
PL_CTD_258,0.09251357468379862
PL_CTDD_171,0.09221962456082311
ProtFP7,0.09217554056845767
PL_CTD_68,0.09217439399643457
PL_CTD_7,0.09200130215855662
PL_CTD_55,0.09193029815044573
PL_CKSAAP_215,0.09184776812094375
PL_CKSAAP_129,0.09130454296697676
PL_CTD_289,0.0906708765641544
PL_CKSAAP_258,0.0906097630260998
PL_CTD_52,0.09028853696413597
PL_CTD_117,0.08998108682304329
PL_CKSAAP_291,0.08988772600053752
PL_CTD_34,0.08941345133976286
PL_CTD_110,0.08935337764765627
PL_CKSAAP_41,0.08913569525534415
PL_CKSAAP_306,0.08896303704763531
PL_CKSAAP_204,0.08882225491636886
PL_CKSAAP_246,0.08876922448092373
PL_CKSAAP_395,0.08842087741612303
PL_CKSAAP_130,0.08822002181768518
PL_CTD_46,0.08820213247447573
PL_CTD_227,0.08745186663232296
PL_CTD_226,0.0871248211535467
PL_CTD_64,0.08705620767399536
PL_CTD_167,0.08697445884165456
PL_CKSAAP_30,0.08691344445541604
PL_CKSAAP_264,0.08687912446898371
PL_CKSAAP_239,0.08677320614111306
PL_CTD_124,0.08659912539179082
PL_CKSAAP_369,0.08638757600017666
PL_CKSAAP_359,0.08622403063703121
PL_QSO_SW_6,0.08576164054050661
PL_CTD_287,0.08551750983135697
PL_CKSAAP_364,0.08512991618258159
PL_CTD_238,0.0846853295194987
PL_CTD_163,0.08443220176134325
PL_CKSAAP_374,0.08391821281937384
PL_CTD_174,0.08390433921143625
PL_AAIndex1_144,0.08388800950576636
PL_CTD_157,0.0838636142427327
KF5,0.08376481393952995
PL_CTD_181,0.08305685091931592
PL_CTD_268,0.08295077383750948
PL_CTD_279,0.08267165846328828
PL_CTD_192,0.08210508381608417
PL_CTD_45,0.08207518616254195
PL_CKSAAP_399,0.08175922374932076
PL_CKSAAP_266,0.08153387123793587
PL_CKSAAP_233,0.08132266227316487
PL_CTD_100,0.08093775963845617
PL_AAIndex1_372,0.08065552715091817
PL_MoreauBroto_6,0.08054092928019907
PL_CTD_13,0.07995852182629326
PL_CKSAAP_125,0.0796175993797239
PL_Moran_3,0.07961635005515832
PL_CKSAAP_293,0.07960205745725801
PL_CTD_99,0.07953609461418809
PL_CTD_173,0.07928980540060815
PL_CTD_220,0.07911825108144788
PL_CTD_131,0.07870050149956143
PL_CTD_26,0.07834794245624277
PL_CTD_111,0.07829779260552305
PL_CTDD_192,0.07806717092266036
PL_CTD_178,0.07762439402848242
PL_CTD_149,0.0775663315147197
PL_CKSAAP_391,0.07743167476872248
PL_CKSAAP_134,0.07735770439294631
PL_CTD_221,0.07704074412368778
PL_CKSAAP_6,0.07702670250419041
PL_CTD_321,0.07687957418360103
PL_CTD_237,0.07656600678812842
PL_CTD_155,0.07634447488153118
PL_CTD_160,0.0759376198630286
PL_CTD_72,0.07586324069883421
PL_CKSAAP_127,0.07498754563810328
PL_CKSAAP_380,0.07492397570427656
PL_CTD_270,0.07473530413920271
PL_CTD_142,0.07439806251179526
PL_CKSAAP_290,0.07430085822496402
PL_CTD_244,0.07426553541229808
PL_CKSAAP_202,0.07422942550242739
PL_CTD_338,0.07421162242134072
PL_CKSAAP_271,0.07407157047737156
PL_CTD_243,0.07367356405560832
PL_CKSAAP_210,0.07355730585782894
PL_CTD_145,0.07342393143021342
PL_CKSAAP_158,0.07338989235560289
PL_CTD_98,0.07326805907556233
PL_CTDD_191,0.07322713925289959
PL_CTD_233,0.07276409789958604
PL_CKSAAP_278,0.07249803139712974
PL_CTD_140,0.07232387176650379
PL_CTD_259,0.07207789792139874
PL_CTD_92,0.07206130299649205
PL_CKSAAP_279,0.0720443581187653
PL_CTD_50,0.07199304201388346
PL_CTD_176,0.0716500221712626
PL_CTD_326,0.071549275514188
PL_CTD_49,0.07139291178202534
PL_CTD_125,0.07133160656073256
PL_CTD_21,0.07104644797682491
PL_CTD_71,0.07054586924590733
PL_CKSAAP_91,0.06973623531800532
PL_CTD_316,0.06911073239520071
PL_CKSAAP_206,0.06909171902839928
PL_AAIndex1_348,0.06874302620328665
PL_CTD_2,0.06870643425053613
PL_CTD_314,0.06701478161289165
PL_CTD_317,0.06643935629149533
PL_CTD_324,0.06639125281356595
PL_CKSAAP_146,0.06599143057208989
PL_CTD_230,0.06552286411005337
PL_CTD_286,0.06536437420916696
PL_CTD_305,0.06507508689308228
KF7,0.06406960034183573
PL_MoreauBroto_1,0.06322485698268876
PL_CTD_105,0.06309721429937865
PL_CTD_96,0.06237850881389129
PL_CTD_22,0.06213895492278132
PL_CTD_107,0.06182817057563561
PL_CTD_329,0.06175990806652498
PL_CTDC_22,0.0612786712434934
PL_CTD_335,0.06069547406533271
PL_CTD_144,0.059691425110385055
PL_CTD_196,0.05953276389670936
PL_CKSAAP_98,0.05939811175123255
PL_CKSAAP_373,0.05934390121534783
PL_CTD_143,0.05917546579932775
PL_CTD_301,0.058183322543972515
PL_CKSAAP_371,0.058177115262640466
PL_CTD_169,0.05800189301347425
PL_CTD_294,0.05759817746086249
PL_CKSAAP_84,0.05739361556431044
PL_CTD_223,0.05735150614965079
PL_CTD_202,0.05703525738045778
PL_CTD_199,0.055974438075864885
PL_CTD_304,0.05574061645589179
PL_CTD_240,0.05537546149225703
PL_CTD_198,0.054860615960631964
PL_CTD_327,0.054149151420731734
PL_CTD_186,0.05401360468464711
PL_CKSAAP_135,0.053603480937191694
PL_CTD_116,0.05310945783589993
PL_CKSAAP_132,0.05292687485598924
PL_CTD_307,0.05123688001324078
PL_CTD_265,0.05071275926908658
PL_CTD_70,0.05046490724244945
PL_CTD_118,0.05014292511178553
PL_CTD_59,0.04973910678699056
PL_CTD_319,0.04949905127097365
PL_CTD_56,0.04945877705821422
PL_CTD_333,0.04875835608056356
PL_CTD_76,0.04868533092752747
PL_CKSAAP_378,0.04853870261670634
PL_CKSAAP_123,0.048061031727829384
PL_CTD_162,0.04802155856812629
PL_CTD_325,0.047304764902035945
PL_CKSAAP_273,0.04680421128668133
PL_CTD_216,0.04669572769691399
PL_CTD_1,0.04550600311860187
PL_CTD_104,0.04479915862914252
PL_CTD_328,0.04441825580806258
PL_CTD_95,0.04441283336391244
PL_CTD_272,0.0439362504321168
PL_CKSAAP_286,0.04336746655433554
PL_CTD_153,0.04300730727722346
PL_CTD_139,0.0429121336438989
PL_CTD_336,0.04197616436376217
PL_CTD_299,0.041840009465924144
PL_CTD_330,0.04174330278537575
PL_CKSAAP_361,0.04067855263235387
PL_CKSAAP_126,0.04030482531264523
PL_CTD_340,0.04027614624705711
PL_CTD_341,0.03952675728133981
PL_CTD_83,0.03876669494114715
PL_CTD_171,0.03755659250362564
PL_CKSAAP_133,0.03629688714510593
PL_CKSAAP_86,0.03619823580440862
PL_CKSAAP_124,0.035378812446795305
PL_CTD_292,0.034736396937477654
PL_Motif_0,0.034668305647622244
PL_CTD_195,0.03422241113085889
PL_CKSAAP_366,0.03405868812408608
PL_CKSAAP_166,0.03219595478976833
PL_CTD_293,0.02926387257198293
PL_CTD_291,0.028793606386112724
PL_CKSAAP_139,0.028187838126652043
PL_CTD_193,0.027829277500412086
PL_CTD_300,0.025865259616572267
PL_CTD_312,0.021290856119139168
PL_CTD_331,0.021038809390763635
PL_CTD_332,0.019123362859692516
PL_CTD_63,0.017274203809890754
PL_CKSAAP_121,0.014542752132816528
PL_CTD_209,0.012813798372795837
PL_CTD_47,0.011167420397184102
PL_CTD_320,0.008979694313085318
PL_CTD_146,0.008650823054733525
PL_CTD_194,0.007494749540112977
PL_CTD_337,0.007065599778998344
PL_CTD_188,0.006290088513874359
PL_CTD_97,0.004915020611194532
PL_CTD_185,0.0
PL_CTD_48,0.0
PL_CTD_339,0.0
PL_CTD_342,0.0
