Feature,ReliefF_score
PL_AAIndex1_433,0.39211799984297263
PL_AAIndex1_387,0.390403567039302
PL_AAIndex1_110,0.3889171427992341
PL_AAIndex1_66,0.38699020428309644
PL_AAIndex1_435,0.38405250916385847
PL_AAIndex1_70,0.3792426026689422
PL_AAIndex1_183,0.3783558753285763
PL_CTDT_32,0.37807872694262656
PL_AAIndex1_516,0.37682612768749923
F1,0.37466180782965075
PL_AAIndex1_489,0.37393047777113486
Gravy,0.37236156593674646
PL_AAIndex1_150,0.37236156593674646
PL_AAIndex1_452,0.3720102163629964
PL_AAIndex1_445,0.3719457562904511
PL_AAIndex1_483,0.3714926405904729
BLOSUM1,0.3698558756143113
PL_AAIndex1_515,0.36951844201245454
PL_AAIndex1_424,0.3694871980112621
PL_AAIndex1_29,0.3687334215720151
Flexibility,0.3686515342794249
PL_CTDC_6,0.3681090157162147
PL_AAIndex1_446,0.36780469078024075
PL_AAIndex1_355,0.3675362523913752
PL_AAIndex1_488,0.3672700512344487
PL_AAIndex1_447,0.36703246923083505
PL_AAIndex1_396,0.36699345439728753
PL_AAIndex1_177,0.36606662984783567
PL_AAIndex1_514,0.3658589886776722
PL_AAIndex1_242,0.3646738298085728
PL_AAIndex1_129,0.364372091839641
PL_AAIndex1_76,0.36320894424556255
PL_AAIndex1_214,0.3629021535517718
PL_AAIndex1_448,0.3628988437794952
PL_AAIndex1_209,0.3628050596320667
PL_AAIndex1_389,0.3620195458832866
PL_AAIndex1_182,0.36191448535895415
PL_AAIndex1_353,0.36176830873748217
AF1,0.3616040880512899
PL_AAIndex1_247,0.3613232482451748
PL_AAIndex1_527,0.36111579746398886
PL_AAIndex1_114,0.36088671207464607
VHSE1,0.36086741479486156
ProtFP1,0.3608097547208049
PL_AAIndex1_528,0.3605463574961483
PL_AAIndex1_65,0.35987782518572015
PL_AAIndex1_476,0.35987693768299567
PL_AAIndex1_251,0.35977054887166926
PL_AAIndex1_529,0.35968925799436086
PL_AAIndex1_88,0.3596391614305496
D.1,0.3596391614305496
PL_CTDC_32,0.3596391614305496
PL_AAIndex1_210,0.359530203450813
PL_AAIndex1_481,0.35891772551660467
PL_AAIndex1_526,0.3587705702310901
PL_AAIndex1_9,0.3586937795071101
PL_AAIndex1_326,0.3583388870080371
PRIN1,0.35811708922642255
PL_AAIndex1_127,0.3578747656546801
PL_AAIndex1_298,0.35783442247399744
PL_AAIndex1_238,0.3577352783496936
PL_AAIndex1_10,0.3572531534349408
PL_AAIndex1_509,0.3569119056335593
PL_AAIndex1_438,0.35684135946376005
PL_AAIndex1_501,0.3564353130332517
E1,0.35618036134066383
PL_AAIndex1_56,0.355709153846088
PL_AAIndex1_383,0.35407521065872233
PL_AAIndex1_460,0.3537002038897236
PL_AAIndex1_478,0.35311398423130064
VHSE5,0.35287855408758984
PL_ATC_atoms_3,0.352712165921326
PL_AAIndex1_147,0.3522510511302287
PL_AAIndex1_518,0.35197908749818585
PL_AAIndex1_241,0.3518852228566568
PL_AAIndex1_461,0.35164814012033296
PL_AAIndex1_297,0.35148749597666545
PL_AAIndex1_34,0.3510406192787946
PL_AAIndex1_184,0.3509421137026655
PL_AAIndex1_320,0.3500414826971992
Z1,0.3498706188078795
PL_AAIndex1_530,0.34974796820471904
PL_AAIndex1_3,0.3494452172685768
PL_AAIndex1_55,0.3492864647979278
PL_AAIndex1_152,0.34898692305317663
PL_AAIndex1_522,0.34796294986797155
PL_AAIndex1_148,0.34788625479359103
PD2,0.3476844901050873
PL_AAIndex1_484,0.34767801760719513
PL_CTDC_3,0.3473672153482562
PL_CTDC_11,0.3473672153482562
PL_AAIndex1_525,0.3470652745241575
PL_AAIndex1_524,0.3470567701407099
PL_AAIndex1_425,0.34607200163263674
PL_AAIndex1_519,0.34493266925747107
PL_AAIndex1_313,0.3442254152514868
PL_AAIndex1_275,0.3436437916497527
PL_AAIndex1_102,0.3434882815537509
PL_AAIndex1_217,0.3431865114649316
PL_AAIndex1_437,0.34282719159699476
PL_AAIndex1_486,0.3427556567328919
PL_AAIndex1_57,0.3426633108393375
PL_AAIndex1_482,0.34182808038312273
PL_AAIndex1_179,0.3414470405800468
PL_AAIndex1_220,0.34141425125499425
PL_AAIndex1_523,0.34138583801196537
MSWHIM2,0.34117106203863995
PL_AAIndex1_507,0.34065299179211395
PL_AAIndex1_426,0.3402886683636926
PL_AAIndex1_386,0.3400434961532793
PL_AAIndex1_513,0.3399485064160745
PL_AAIndex1_169,0.3395994684584399
PL_AAIndex1_181,0.33925948613554047
PL_AAIndex1_354,0.3392309404306446
PL_AAIndex1_520,0.33891533504905297
PL_AAIndex1_463,0.3388728147141395
PL_AAIndex1_212,0.3376837876349102
PL_AAIndex1_240,0.33705639783238783
PL_AAIndex1_54,0.3370149469786209
PL_AAIndex1_140,0.33675124475472235
PL_AAIndex1_142,0.3366307494374094
DG.1,0.3364387376811668
PL_AAIndex1_68,0.33615725899947313
PL_AAIndex1_364,0.3361354934585667
KF4,0.3359839777855656
PL_AAIndex1_508,0.3359839777855656
PL_AAIndex1_67,0.33579319686246334
PL_AAIndex1_218,0.3357267544713163
PL_AAIndex1_485,0.3355803457420447
PL_AAIndex1_449,0.335441480728007
PL_AAIndex1_101,0.33472559928691586
PL_AAIndex1_86,0.3342531764076662
PL_AAIndex1_2,0.3341467633735483
PL_AAIndex1_517,0.3341285637172647
PL_AAIndex1_130,0.33375630596695166
PL_CTDC_0,0.3334067611369659
PL_AAIndex1_239,0.33302427760783804
PL_APAAC_20,0.33298585742495695
PL_AAIndex1_7,0.33217306006552527
PL_AAIndex1_401,0.3321171192908964
PL_AAIndex1_380,0.3319132234975341
PL_AAIndex1_521,0.33071335595419604
PL_AAIndex1_100,0.3289635121259661
PL_AAIndex1_399,0.32893911398655673
PL_AAIndex1_510,0.32890314397302833
PL_AAIndex1_39,0.3284895981415432
PL_AAIndex1_180,0.3283620702408852
PL_CTDC_26,0.32790325001566295
PL_AAIndex1_233,0.32778257849196685
GD.1,0.32648356737129614
PL_AAIndex1_40,0.32568930275852476
PL_AAIndex1_278,0.3254099373855533
PL_AAIndex1_427,0.325275074247346
PL_AAIndex1_502,0.3249641796990363
PL_AAIndex1_367,0.3241736036411514
PL_CTDC_17,0.32365782625245554
PL_AAIndex1_178,0.32335664221142496
PL_QSO_Grantham_3,0.3227353220304886
PL_AAIndex1_407,0.32269521747639773
PL_AAIndex1_197,0.32232541784783814
PL_AAIndex1_402,0.3214460703845216
PL_AAIndex1_112,0.3213635197143902
PL_AAIndex1_146,0.3213400245973686
PL_AAIndex1_193,0.32094332088627814
PL_AAIndex1_405,0.32034047881830563
PL_AAIndex1_208,0.3201633994154819
PL_AAIndex1_126,0.31942759256773967
PL_CTDC_31,0.3192377134431361
E,0.3192222324199847
PL_AAIndex1_499,0.3179573762378614
PL_AAIndex1_14,0.31766367256769246
PL_AAIndex1_128,0.3174446025454388
PL_AAIndex1_287,0.3169484713585432
PL_AAIndex1_511,0.3166652403127192
PL_AAIndex1_388,0.31621002791790104
PL_CTDC_37,0.3161626029869399
PL_CTDC_15,0.3161626029869399
PL_CTDT_5,0.31592259246613374
PL_AAIndex1_35,0.31519057516298493
PL_AAIndex1_19,0.31512952337243216
PL_AAIndex1_138,0.315107385628258
PL_AAIndex1_166,0.31500696533201866
PL_AAIndex1_343,0.3144761098502386
PL_AAIndex1_296,0.3143950954140719
PL_AAIndex1_113,0.3143868400668088
PL_AAIndex1_186,0.3135102027102299
PL_AAIndex1_53,0.31294964260263913
PL_AAIndex1_168,0.3129356032617884
PL_AAIndex1_512,0.31247296330535496
PL_AAIndex1_211,0.3121753421750193
PL_AAIndex1_404,0.3115026278683278
PL_APAAC_24,0.30973743262471554
PL_AAIndex1_171,0.3096583857036045
PL_AAIndex1_120,0.3093647195588621
PL_AAIndex1_119,0.30901264992569916
PL_AAIndex1_454,0.3088645678539443
PL_AAIndex1_191,0.3084357221016358
PL_AAIndex1_319,0.3081362719606683
PL_AAIndex1_276,0.30802871704976403
PL_AAIndex1_408,0.30797142315791104
PL_AAIndex1_506,0.307927184857459
PL_CTDC_8,0.30791003968555775
PL_AAIndex1_105,0.3078448822818635
PL_AAIndex1_38,0.30741676167931214
IsoelectricPoint,0.3071945697158554
PL_AAIndex1_58,0.30669623450051015
PL_AAIndex1_342,0.3064110345460655
PL_AAIndex1_12,0.30622200198878524
PL_AAIndex1_11,0.3061544926636791
PL_QSO_SW_1,0.30555306169200686
PL_AAIndex1_46,0.3052399859997529
PL_ATC_atoms_1,0.3048235033943964
PL_AAIndex1_141,0.3046945321004604
PL_AAIndex1_122,0.304516543930921
PL_AAIndex1_477,0.3040205425055509
PL_AAIndex1_199,0.30400657572969236
PL_AAIndex1_52,0.30399627411007457
GF.1,0.3039782425231093
PL_AAIndex1_5,0.30377445109365303
PL_QSO_Grantham_1,0.3035727878525796
PL_AAIndex1_274,0.30312685933387284
PL_AAIndex1_362,0.302928071226361
PL_CTDT_15,0.30287778680434246
PL_AAIndex1_443,0.30256297271831833
PL_AAIndex1_13,0.30193663688442474
PL_AAIndex1_33,0.3011646405716281
PL_AAIndex1_288,0.2989010538911741
PL_CTDC_9,0.2982499180399472
PL_AAIndex1_164,0.2981037900181687
PL_CTDT_36,0.29789523006618307
PL_AAIndex1_103,0.2978651736887611
PL_CTDC_14,0.29784186610753244
PL_CTDC_24,0.29784186610753244
PL_AAIndex1_91,0.2968723035057025
PL_AAIndex1_246,0.2968026281762561
PL_CTDD_5,0.295831080068956
PL_CTDD_155,0.295831080068956
PL_CTDD_20,0.295831080068956
PL_CTDD_55,0.295831080068956
PL_CTDD_165,0.295831080068956
PL_CTDD_115,0.295831080068956
PL_CTDD_95,0.295831080068956
PL_CTDD_190,0.295831080068956
PL_CTDD_145,0.295831080068956
PL_AAIndex1_107,0.29559465281432257
PL_AAIndex1_163,0.2944119340268927
PL_AAIndex1_161,0.2940648673927221
PL_AAIndex1_254,0.29396570608522576
PL_CTDC_36,0.2939607318101578
PL_AAIndex1_314,0.29351648816837517
PP1,0.2932039785699476
GGF,0.293056089974309
PL_AAIndex1_374,0.29281969626613874
PL_AAIndex1_462,0.2927269898654092
PL_AAIndex1_277,0.29269785959540384
PL_AAIndex1_450,0.29248150991226285
PL_AAIndex1_325,0.29208040547825664
PL_AAIndex1_316,0.29086429720660134
T4,0.289964004715161
PL_AAIndex1_289,0.28994993735010016
PL_APAAC_22,0.289183329147982
PL_AAIndex1_224,0.2888002203345182
PL_AAIndex1_403,0.2887765149615904
PL_AAIndex1_339,0.2886758950286329
PL_AAIndex1_125,0.28806088605661556
PL_AAIndex1_190,0.28767524682213186
PL_AAIndex1_205,0.28719102106355154
PL_AAIndex1_331,0.28669535868545143
C,0.2861052054346837
PL_AAIndex1_106,0.28578143160096886
PL_AAIndex1_243,0.2857639915595229
PL_AAIndex1_225,0.28559629604269493
PL_AAIndex1_36,0.2855631195515375
PL_AAIndex1_327,0.28466676236975874
PL_AAIndex1_293,0.2844042905913534
PL_CTDD_120,0.2841182129618221
PL_CTDD_85,0.2841182129618221
PL_CTDD_70,0.2841182129618221
PL_CTDD_40,0.2841182129618221
PL_AAIndex1_245,0.2840118944281403
PL_AAIndex1_44,0.2832830103573852
PL_AAIndex1_194,0.2830560379284681
PL_AAIndex1_198,0.28269838788318297
MSWHIM1,0.2825459213619242
PL_AAIndex1_358,0.28253463481931046
PL_AAIndex1_192,0.2822105851763401
PL_AAIndex1_151,0.28193222647449756
PL_APAAC_21,0.2814233863813793
PL_AAIndex1_430,0.28122061491138206
PL_AAIndex1_290,0.28047109524926433
VHSE7,0.2804380180537568
PL_AAIndex1_381,0.2801085703497034
PL_AAIndex1_494,0.28004184283835715
PL_CTDC_12,0.28003551599462406
Turn,0.2787214966405421
PL_AAIndex1_379,0.2782910282163402
PL_AAIndex1_291,0.2780968028947367
PL_AAIndex1_270,0.27808332600219976
PL_AAIndex1_95,0.2777771802507599
FGG,0.27699059063499953
PL_CTDT_9,0.27641289184164686
SVGER4,0.27621100118984243
PL_AAIndex1_351,0.2761624018461036
PL_CTDC_2,0.27609640211975967
PL_AAIndex1_167,0.27593873391486495
PL_QSO_SW_4,0.2755149058560675
PL_AAIndex1_373,0.27538580820141545
VSTPV5,0.2751475784368358
F6,0.27491424599746744
PL_CTDT_17,0.2742834358794937
PL_AAIndex1_360,0.274070799272366
PL_AAIndex1_226,0.27359575711818523
PL_AAIndex1_267,0.2732085939889165
SVGER8,0.27276420874104007
PL_AAIndex1_357,0.27110698828847835
PL_QSO_SW_3,0.2705830189333077
PL_AAIndex1_1,0.2704852180301708
PL_AAIndex1_356,0.2703743895622157
PL_AAIndex1_131,0.2700496976881001
BLOSUM2,0.26945777090030854
PL_AAIndex1_160,0.26911586734497267
PL_AAIndex1_253,0.26911586734497267
PL_AAIndex1_418,0.2682412315051568
PL_AAIndex1_50,0.2679946369949892
PL_AAIndex1_271,0.26739414586945665
PL_AAIndex1_268,0.26738738703051396
ProtFP4,0.26721115678860896
PL_QSO_Grantham_2,0.26696381132842195
PL_AAIndex1_234,0.2665413995494473
PL_AAIndex1_467,0.26623289183322835
PL_AAIndex1_244,0.26601980740227305
PL_AAIndex1_248,0.2656625944402031
VHSE4,0.26565072347216406
PL_CTDT_8,0.2648422983132765
PL_AAIndex1_382,0.26461412354983566
PL_AAIndex1_6,0.2645171619317656
PL_AAIndex1_60,0.26447986211210955
D,0.2644272792329077
PL_AAIndex1_75,0.26442093257649996
PL_CTDT_38,0.2639426186269787
PL_CTDC_20,0.26389678936847216
PL_CTDT_26,0.263270345009707
PL_AAIndex1_231,0.262256023533182
PL_AAIndex1_173,0.26082341064369546
PL_AAIndex1_85,0.2607441863428652
PL_AAIndex1_23,0.26029901579097864
PL_AAIndex1_145,0.2602642086509641
PL_AAIndex1_227,0.26009778928158644
PL_AAIndex1_420,0.2587053539134623
PL_Geary_0,0.25805215608851034
PL_AAIndex1_174,0.25782876122360837
PL_AAIndex1_421,0.25742042697396017
PL_AAIndex1_397,0.2574008152321746
ST2,0.25717578545659736
PL_CTDT_24,0.2571591319089459
PL_AAIndex1_221,0.25710898861442055
PL_AAIndex1_352,0.2570809112107704
PL_AAIndex1_309,0.25665309498819283
PL_Moran_0,0.2565380182929672
PL_AAIndex1_414,0.2560009624055073
PL_AAIndex1_256,0.2551364484591433
GFG,0.25475316866372694
PL_CTDT_25,0.2537290936689103
FG.1,0.25342587616182255
PL_AAIndex1_299,0.2532414172571241
PL_AAIndex1_292,0.253026936006088
PP2,0.2523640113150583
PL_AAIndex1_500,0.2523433705172822
PL_CKSAAP_343,0.2519317970371631
PL_AAIndex1_157,0.2516674357132288
PL_AAIndex1_393,0.2514219377429158
PL_AAIndex1_255,0.2512085117946868
SVGER9,0.25097917967121075
SV3,0.24877232155809134
PL_AAIndex1_336,0.24862195972090168
ST5,0.24856240944949695
PL_AAIndex1_406,0.24821445725734276
PL_AAIndex1_371,0.24794111715109565
PL_QSO_SW_9,0.24772554854177414
PL_QSO_Grantham_4,0.24700322529461644
PL_PAAC_20,0.2461410906352143
KF3,0.2461133868091772
PL_CTDT_16,0.24608749743227035
PL_MoreauBroto_0,0.24598624975928352
PL_APAAC_25,0.24555377361948183
Aromaticity,0.24545398109748126
F.1,0.24545398109748126
PL_CTDT_10,0.2449712549525738
PL_AAIndex1_340,0.24441387308510984
PL_AAIndex1_347,0.2436191304013587
PL_AAIndex1_272,0.2434033135952269
GDG,0.24309333687872348
PL_CTDT_2,0.24280181728245445
VSTPV3,0.24241517972217452
PL_CKSAAP_3,0.24173625815694721
PL_AAIndex1_45,0.24148204807816265
PL_AAIndex1_304,0.2410528503194985
PL_AAIndex1_398,0.24081033647135303
Sheet,0.24031220749002785
PL_CTDC_35,0.24031220749002785
PL_AAIndex1_317,0.24013673713951195
PL_AAIndex1_282,0.23990146545766114
F,0.23978686544646954
PL_AAIndex1_346,0.2388821790655404
PL_AAIndex1_464,0.23867174314805592
PL_AAIndex1_350,0.23844389043524725
PL_AAIndex1_329,0.23816830226554753
PL_AAIndex1_465,0.23781637580827972
PL_AAIndex1_345,0.23684591108324496
SVGER5,0.2367231494278689
DF.1,0.23657244955461082
PL_AAIndex1_237,0.2365061871783579
PL_ATC_atoms_0,0.23644084684403457
Z4,0.2358556813417508
PL_AAIndex1_301,0.23585026151858463
PL_AAIndex1_307,0.23560519829850363
PL_AAIndex1_392,0.23545106909726887
PL_AAIndex1_302,0.23510094862239747
PL_AAIndex1_294,0.23489073765657087
PL_AAIndex1_195,0.2344763653123865
PL_AAIndex1_236,0.23418467733740753
PL_AAIndex1_27,0.23347589145711833
GGD,0.23326436935920045
SV1,0.23317809848459434
DGG,0.23295433683770703
PL_AAIndex1_187,0.2327469851699838
PL_AAIndex1_48,0.23187838971460742
PL_AAIndex1_97,0.23180734060824948
PL_AAIndex1_215,0.23161929112154744
PL_AAIndex1_311,0.23128284074233438
PL_AAIndex1_335,0.23102238306524048
PL_AAIndex1_139,0.22962712825069773
PL_AAIndex1_219,0.22955692168750716
PL_AAIndex1_47,0.2293055953840811
PL_APAAC_23,0.22916791547553522
PL_AAIndex1_104,0.22870018078192975
PL_AAIndex1_269,0.22773393561414973
PL_AAIndex1_349,0.22761340421124648
PL_CTDD_18,0.22746625655724195
PL_CTDC_5,0.22726740335607362
PL_AAIndex1_4,0.22595501046311256
PL_CKSAAP_214,0.22569506741851844
PL_CTDD_48,0.22493060380290025
PL_CKSAAP_58,0.2244263833228251
PL_CTDT_0,0.22374426225344768
PL_AAIndex1_410,0.22341274997740646
PL_AAIndex1_444,0.22324965908616493
PL_QSO_SW_17,0.2229672739803353
DD.1,0.22291483023619255
PL_AAIndex1_419,0.22214456216167652
KF1,0.22211371206308209
PL_CTDC_18,0.22179952181044255
PL_CKSAAP_131,0.22136225397530807
PL_AAIndex1_265,0.22131604200799768
DFG,0.2212990324874897
PL_AAIndex1_49,0.2211517820248444
PL_AAIndex1_158,0.22112377966463298
PL_AAIndex1_323,0.22107036342343978
FD.1,0.2210137983982419
PL_AAIndex1_228,0.22096974082413362
PL_AAIndex1_359,0.22085569714875425
PL_AAIndex1_165,0.2204307985644832
PL_CKSAAP_47,0.2202049559090059
PL_AAIndex1_77,0.22013313400656748
G,0.21956871453830332
F3,0.21940983877452905
PL_CKSAAP_32,0.21926375989301733
PL_CTDD_151,0.21919108068509288
PL_AAIndex1_434,0.21796118516470492
PL_AAIndex1_263,0.21791157026852964
PL_AAIndex1_344,0.2177577054277926
PL_AAIndex1_283,0.2174701975981729
PL_AAIndex1_109,0.21745954352424196
PL_AAIndex1_266,0.217278185502558
PL_CKSAAP_128,0.21702995733868133
PL_PAAC_21,0.2169018992900806
FFG,0.2164882800360981
PL_AAIndex1_69,0.2163199852761204
PL_AAIndex1_457,0.2159196249652881
PL_AAIndex1_370,0.21574553166614377
PL_AAIndex1_143,0.21488975453600742
PL_CKSAAP_50,0.21478217049409173
PL_ATC_atoms_4,0.2145628236499051
PL_AAIndex1_257,0.21447164964798007
PL_AAIndex1_496,0.2142624553623038
PL_AAIndex1_466,0.21413288729032245
PL_CTDD_47,0.21382658266500335
PL_CKSAAP_242,0.21342432094627767
PL_AAIndex1_72,0.2134136775194305
AF2,0.213163889239608
T3,0.21311942305995973
DGD,0.2129575207612765
PL_CTDC_34,0.2125194586282773
SVGER3,0.21210027691886774
PL_AAIndex1_99,0.21203113550588348
VHSE2,0.21197152885243592
PL_AAIndex1_121,0.21164084057027555
PL_AAIndex1_552,0.2115248519754762
PL_AAIndex1_0,0.21141197110551113
PL_CKSAAP_372,0.211241610809015
PL_AAIndex1_90,0.21115443583047613
PL_AAIndex1_84,0.21115082550854142
PL_PAAC_22,0.21095326329182432
PL_CKSAAP_37,0.21070325383188737
PL_AAIndex1_61,0.2105329574152519
PL_AAIndex1_16,0.2105163833125729
PL_AAIndex1_235,0.21048081873376492
Z2,0.21047503270720994
ST3,0.21033382199676257
PL_AAIndex1_83,0.20991443229056156
GDD,0.20971469287361613
SV2,0.20959118883617134
PL_CKSAAP_46,0.20933294980737083
T2,0.20932963627871487
PL_CKSAAP_52,0.20915985904618328
PL_CKSAAP_342,0.20914663671272832
F2,0.20898381474478522
PL_AAIndex1_43,0.2089505254338931
PL_AAIndex1_472,0.2087427728639381
SVGER1,0.20867312968036758
PL_AAIndex1_264,0.20860155371991354
PL_CTDD_183,0.20858452671845154
PL_AAIndex1_260,0.20839123319437478
DDG,0.20792796254996956
PL_QSO_SW_7,0.20780973251495258
PL_CTDD_63,0.20778923710302696
PL_AAIndex1_415,0.20750229524133126
PL_QSO_Grantham_5,0.20738437042091773
ST4,0.20722579479688763
PL_CTDD_17,0.20710434694802815
PL_AAIndex1_262,0.20700913665807663
PL_CKSAAP_281,0.2069049272247549
DGH,0.20684043505764932
PL_AAIndex1_64,0.2066912606175628
PL_AAIndex1_137,0.20599553706045767
PL_AAIndex1_149,0.2056680416959563
PL_AAIndex1_322,0.20547743786678652
PL_AAIndex1_321,0.20547743786678652
PL_CTDD_3,0.20471036988789387
PL_CTDC_10,0.20461174466636622
PL_AAIndex1_73,0.2045589382114926
PL_AAIndex1_261,0.2044737952767951
PL_AAIndex1_487,0.20441065619244198
VSTPV4,0.20420024879799578
PL_AAIndex1_536,0.20403940924040512
PL_AAIndex1_118,0.2040347249824099
VHSE6,0.20364777152796373
PL_CTDD_132,0.20351668951556628
PL_AAIndex1_303,0.20351367102337645
PL_CTDT_6,0.2034551358282132
PL_CKSAAP_368,0.20286568843486122
PL_AAIndex1_154,0.20247149258110642
PL_CTDT_7,0.20245161995151667
PL_CKSAAP_246,0.20244781907089016
PL_CKSAAP_381,0.2023778866907572
HDG,0.20234579734004904
GG.1,0.20211038334314238
PL_CKSAAP_74,0.20205770382643878
PL_CKSAAP_363,0.20204422397463753
PL_AAIndex1_96,0.20201597253048256
PL_CKSAAP_212,0.20189823584236094
PL_CTDD_32,0.20158955914015453
PL_AAIndex1_473,0.2015590033671068
PL_QSO_SW_2,0.20149895242916854
PL_AAIndex1_213,0.20147161527932786
GDS,0.20107697243854164
PL_APAAC_2,0.2008957220861451
PL_AAIndex1_432,0.20088882515599504
PL_AAIndex1_492,0.2001590880995118
CW,0.1999640959573972
PL_AAIndex1_390,0.19986079612400973
PL_CTDD_88,0.19951092643004212
DGS,0.19931215964633084
GH.1,0.19925142662392675
PL_AAIndex1_503,0.19921201761146715
PL_CKSAAP_362,0.19919464750822272
PL_CKSAAP_69,0.1988499835192338
PL_AAIndex1_21,0.19876572135316253
PL_AAIndex1_474,0.19848700082139678
PL_AAIndex1_170,0.19845414478100618
PL_AAIndex1_308,0.19843680255045953
PL_CTDD_22,0.19842380199196918
PL_CKSAAP_360,0.19838625202763055
PL_CKSAAP_142,0.19834549982838098
SVGER7,0.1981581875137102
PL_AAIndex1_108,0.19812687537249205
PL_QSO_SW_15,0.19807651365404738
PL_CTDD_188,0.19804621086856733
PL_CTDD_78,0.19804621086856733
PL_AAIndex1_82,0.19803992842085683
EG,0.19801515769595868
G.1,0.19801015578854306
PL_CKSAAP_146,0.19793503677385257
PE,0.19781182410728396
PL_CTDD_187,0.19773710893229632
PL_CTDD_77,0.19773710893229632
PL_CTDT_37,0.19762150647537158
PL_CKSAAP_374,0.19754604057512323
PL_CKSAAP_261,0.19754584953304596
PL_AAIndex1_216,0.1973238022366246
GFD,0.19724237217729224
PL_AAIndex1_8,0.19717150254244745
PL_CTD_137,0.19699567265857515
PL_AAIndex1_42,0.19691896602352496
PL_CTD_56,0.19674584491705874
PL_CTDT_12,0.1965832565209965
FDG,0.19624003628495884
PL_PAAC_2,0.1961177486313169
PL_CTD_200,0.19605061298358545
PL_AAIndex1_111,0.1953923193437426
HD.1,0.19534560332368311
PL_CKSAAP_143,0.19529010891589305
VSTPV2,0.19522759318791985
PL_CKSAAP_264,0.19517634836629044
PL_AAIndex1_279,0.19509075909118756
PL_AAIndex1_431,0.19499216459132676
PL_CKSAAP_307,0.19478708075466294
PL_CTD_1,0.1947355384237698
PL_AAIndex1_436,0.1947139237169755
PL_CTDD_178,0.19468240415399854
PL_CKSAAP_182,0.19465972734245576
PL_CTDD_152,0.19462835461497624
PL_CKSAAP_70,0.19453465564572114
PL_AAIndex1_124,0.19439730709644407
PL_AAIndex1_543,0.19435185474943922
PL_CKSAAP_140,0.1942572746280287
PL_CTDC_4,0.19424783187333997
PL_AAIndex1_532,0.19418092354949124
TG,0.19412247908196173
BLOSUM6,0.19402059442026082
PL_CKSAAP_358,0.1939611468105312
PL_AAIndex1_324,0.19395203622945148
PL_CTDD_33,0.1937243748715159
PL_AAIndex1_31,0.19367913593513236
PL_AAIndex1_504,0.19367864410561547
PL_CKSAAP_364,0.19365684001781194
PL_AAIndex1_223,0.19357985907936812
PL_AAIndex1_78,0.1935549364663371
LC,0.1931338233139008
GGG,0.19303276721320883
PL_AAIndex1_541,0.19299385933676821
PL_Geary_1,0.1929550729780953
PL_AAIndex1_37,0.19292438872080475
PL_CTDD_73,0.19277492669861737
PL_CTDD_123,0.19277492669861737
PL_AAIndex1_548,0.19272904555505083
DS.1,0.19261697892645627
PL_AAIndex1_20,0.19246388545371138
Q,0.19243846712726084
PL_AAIndex1_330,0.19239383969153667
SVGER10,0.1921722277026541
PL_AAIndex1_81,0.19216297753560993
DG,0.1919422004446779
PL_CKSAAP_377,0.1913344598809753
PL_CTDD_182,0.19128850239723014
PL_CTDD_133,0.1911623192788924
PL_CTDT_30,0.19093484648712356
PL_CKSAAP_230,0.19085564580901432
PL_CKSAAP_31,0.1906107850690329
PL_QSO_Grantham_9,0.19048579785309205
PL_CTDT_3,0.19044803607283073
SVGER6,0.19044558049072782
PL_CKSAAP_287,0.19042790628091466
PL_CTDT_34,0.1903016376766581
PL_QSO_SW_18,0.19020607410663112
PL_AAIndex1_490,0.1901570289654231
PL_CKSAAP_348,0.19010304578945653
VHSE8,0.18982795674132172
ProtFP6,0.18976998203578077
PL_AAIndex1_232,0.18955272875211476
PL_CKSAAP_305,0.18950825620692005
VE,0.18938182056501987
PL_QSO_Grantham_13,0.18935991393597182
PL_AAIndex1_230,0.1892256093848313
PL_CKSAAP_232,0.1892195382663815
PL_CTDD_158,0.18912499009393174
PL_AAIndex1_196,0.18889587118671614
PL_CKSAAP_77,0.1887471889806191
ProtFP2,0.18869195758731613
PL_CTDD_43,0.18851924864320563
PL_CTD_89,0.18851700239327718
PL_AAIndex1_155,0.18841032743641428
PL_AAIndex1_429,0.1882866633868557
PL_AAIndex1_533,0.188277829036472
PL_CKSAAP_274,0.1882754073840072
DHG,0.18825630447347694
PL_AAIndex1_365,0.18819162610892523
PL_Moran_1,0.18818718323928216
PL_CKSAAP_386,0.1879907079048933
PL_APAAC_13,0.18796719789964583
PL_AAIndex1_531,0.1878090498916669
PL_QSO_Grantham_8,0.1876724576421719
PL_AAIndex1_338,0.18765835627068866
FGD,0.18758015319312135
PL_CTDD_146,0.18757328938530463
PL_CTDD_116,0.18757328938530463
E5,0.18752435632043166
PL_AAIndex1_495,0.18747611155904575
PL_CTD_131,0.1874695216194551
PL_AAIndex1_535,0.18740503583462345
PL_CKSAAP_357,0.18739245984815192
PL_AAIndex1_185,0.18737827575724217
PL_APAAC_3,0.18735498125987401
PL_CKSAAP_279,0.18727860987663422
PL_AAIndex1_89,0.18716241523834365
PL_CKSAAP_127,0.1870921384555095
VHSE3,0.18703993001416652
PD1,0.18698981998228756
PL_AAIndex1_385,0.186896357124006
GGS,0.18683510788620178
PL_AAIndex1_428,0.18676017861824765
PL_AAIndex1_79,0.1867518953912621
PL_AAIndex1_538,0.18669288044105903
T1,0.18661726180917437
PL_AAIndex1_534,0.18649341449019138
PL_CKSAAP_27,0.18648565931238334
ST1,0.18645214036082894
L,0.18601281379545456
PL_QSO_Grantham_7,0.18594850943039415
HGD,0.18593785009929814
PL_CKSAAP_45,0.18582459371872112
PL_AAIndex1_176,0.18576886635198245
PL_AAIndex1_537,0.18576221132264828
PL_AAIndex1_286,0.18573739093770697
PL_PAAC_3,0.18565037528866452
PL_AAIndex1_24,0.18550405992247987
KF9,0.18525135108124402
V,0.18515612163900447
PL_AAIndex1_361,0.18512294974181087
PL_CTDD_87,0.1849766856109084
PL_AAIndex1_306,0.18494655370213953
PL_AAIndex1_453,0.18479934271567813
PL_AAIndex1_337,0.18478136356419714
K,0.18467822309621612
PL_CKSAAP_318,0.18467066832359438
PL_AAIndex1_328,0.18459905251049236
PL_CTDD_93,0.18450010296863256
PL_AAIndex1_368,0.18449978097499134
PL_AAIndex1_333,0.18448639844072848
PL_AAIndex1_281,0.18442322863532687
EE,0.18437356318095607
FF.1,0.18435424834906447
PL_AAIndex1_312,0.18429242469384774
PL_PAAC_13,0.1842679406886269
PL_AAIndex1_412,0.18420918665053485
PL_QSO_Grantham_19,0.18418140481640966
E2,0.18406965953433707
PL_CTD_249,0.18397519755964897
EA,0.18390403922379234
PL_AAIndex1_377,0.1838833869472731
PL_AAIndex1_384,0.18382512075029506
PL_CKSAAP_122,0.18377925660123243
PL_AAIndex1_400,0.1837141574232611
PL_ATC_atoms_2,0.1834942134932973
PL_AAIndex1_505,0.18345559111085855
DSG,0.1832744254452528
PL_AAIndex1_422,0.18323937724489475
H.1,0.18323713008832987
PL_AAIndex1_87,0.18323713008832984
PL_CKSAAP_56,0.18315651296876126
PL_AAIndex1_423,0.18314272042097796
VSTPV1,0.18309678998736775
PL_CKSAAP_86,0.18297544367488328
PL_CTDD_57,0.18297412072222707
PL_QSO_Grantham_16,0.18285908664148562
IL,0.18276695823538805
PL_CKSAAP_94,0.18269612714992717
GHD,0.1826817178470628
PL_CTDT_33,0.1825773670510296
PL_AAIndex1_200,0.18233604703600959
PL_CTDD_23,0.18228691665291658
PL_CKSAAP_213,0.18223313306665057
E4,0.18218648059993858
KF8,0.18213488034225375
PL_AAIndex1_172,0.18195845565757202
PL_CTDD_58,0.18192801023860966
GM,0.18191288208320375
I,0.18177025088336496
KF6,0.181616107031237
PL_CKSAAP_367,0.1815916563837961
PL_CKSAAP_33,0.18148968290633635
PL_CKSAAP_81,0.18148362322240968
PL_AAIndex1_273,0.18148320808537402
PL_AAIndex1_162,0.18129960497560663
PL_CKSAAP_258,0.1812215491133097
GDF,0.1812174070802921
DGF,0.18118321832883888
GFS,0.18113027339739549
PL_AAIndex1_28,0.18112651722529746
PL_AAIndex1_153,0.1809839286965924
PL_CTDD_62,0.18075667276023735
GV,0.18064069454314452
LF,0.18056412000819538
Z3,0.18053725073435264
PL_CKSAAP_132,0.1804598637534816
PL_CKSAAP_270,0.18032604685536385
PL_CTDD_42,0.18029942588283426
PL_CKSAAP_5,0.1802431059461459
PL_AAIndex1_479,0.18019891779151695
PL_AAIndex1_411,0.17994051885853465
PL_CKSAAP_53,0.1799237554053276
PL_AAIndex1_284,0.17991703576663
PL_AAIndex1_409,0.17985288967979468
PL_AAIndex1_391,0.17977130487917048
PL_QSO_SW_19,0.17970976812767028
ST8,0.17966270114050722
PL_APAAC_15,0.17956548772954173
GE,0.17947613030352266
Y,0.17947020299786762
BLOSUM4,0.17902201613742674
PL_AAIndex1_62,0.17887929175606831
PL_AAIndex1_18,0.1788653045793471
BLOSUM10,0.17870589198624143
LV,0.1786525124257525
PL_CTDT_13,0.17845393644931246
PL_AAIndex1_175,0.17843793250255785
PL_APAAC_5,0.17836416078293574
PL_CKSAAP_155,0.1782687202381706
PL_APAAC_7,0.17813597906247552
PL_QSO_Grantham_17,0.1779452512698215
PL_CTDD_163,0.17789269606196217
AE,0.17788224249328063
SDG,0.17787798349412395
PL_AAIndex1_159,0.17775047044960526
PL_AAIndex1_252,0.17775047044960526
PL_CTDT_20,0.17773775518610982
PL_QSO_SW_16,0.17766797227102274
PL_CKSAAP_55,0.17758504851493767
PL_CKSAAP_104,0.17749847124155058
PL_AAIndex1_417,0.17747530268685893
PL_CTDD_157,0.17737158605110498
SD.1,0.17732361372656977
PL_CKSAAP_383,0.177170890217589
PL_CKSAAP_64,0.17695271410350702
VF,0.17685081187523122
PL_AAIndex1_416,0.17667465857916217
PL_AAIndex1_132,0.17632952342775962
PL_AAIndex1_542,0.17629223572219677
PL_CTDC_29,0.17620882271111304
PL_CTDC_23,0.17620882271111304
PL_PAAC_7,0.1760848939874899
PL_PAAC_5,0.17585784298973967
PL_CKSAAP_100,0.1757328563592457
SGH,0.17561756688852462
PL_AAIndex1_26,0.17558074272069213
PL_AAIndex1_32,0.17555951598146044
SGF,0.17550566666487036
PL_AAIndex1_497,0.17542584512605874
PL_CTDD_128,0.1753386292433
PL_AAIndex1_280,0.17533355254359898
PL_CKSAAP_375,0.17532390842525755
PL_CKSAAP_71,0.17528524243247298
PL_AAIndex1_59,0.1751757818453374
PL_AAIndex1_71,0.17511413502789774
KF2,0.17499010336113882
PL_CKSAAP_62,0.17479515439462384
SV4,0.17473074124369833
PL_PAAC_15,0.17466936137301348
PL_AAIndex1_413,0.17442268635660377
PL_CTDD_15,0.17438152284111297
T5,0.17430483431114982
PL_CKSAAP_158,0.1742370355903054
ED,0.17390111405010641
PRIN2,0.17388922968745957
PL_CKSAAP_172,0.17387716417367577
PL_CKSAAP_49,0.17380569734562398
T,0.17378476699178436
PP3,0.17374749671023412
PL_CKSAAP_303,0.17371834890218302
PL_CKSAAP_260,0.1735582669442342
PL_CTDT_29,0.17345121934867735
ProtFP5,0.1733863085414554
PL_AAIndex1_222,0.1732984053450528
PL_CKSAAP_203,0.17326001126169416
PL_CTDD_173,0.1731201080669793
PL_CKSAAP_24,0.1731180535786037
PL_CKSAAP_78,0.17302251456751927
PL_CTDD_72,0.17294529201910513
PL_CTDD_122,0.17294529201910513
PL_CKSAAP_262,0.17283353147063368
PL_CTDT_1,0.17282315332869272
PL_CKSAAP_227,0.17275377877552434
PL_CKSAAP_133,0.17272248253265773
PL_CKSAAP_353,0.17255821502330093
PL_CTDD_51,0.17250341361291893
PL_CTDC_1,0.17249896800673703
PL_AAIndex1_547,0.1723960271810267
PL_CKSAAP_160,0.17218686451318396
PL_AAIndex1_480,0.17217489232686298
LE,0.1721274620532095
PL_AAIndex1_545,0.17196306744134518
PL_CKSAAP_150,0.17194873515817122
InstabilityIndex,0.17192281881835916
GGH,0.17190789908855894
F4,0.17182743417203744
KG,0.17172645796077898
PL_CKSAAP_345,0.1716481808343565
PL_CKSAAP_277,0.17162887495518128
PL_AAIndex1_189,0.1714753344641819
PL_CTDD_162,0.17127784277719077
PL_CTDT_31,0.17119669453964978
PL_CKSAAP_10,0.17115395189208443
PL_CTDD_46,0.1710808644287092
PL_CKSAAP_7,0.1710123047232968
PL_AAIndex1_369,0.17097352525641238
GD,0.17094181210929624
PL_QSO_SW_21,0.170939009898484
FD,0.17091916836546278
PL_CKSAAP_183,0.17074547893293718
PL_CKSAAP_79,0.17066806671896498
PL_CKSAAP_184,0.17051084101513148
PL_CKSAAP_41,0.17046732472732362
PL_QSO_SW_5,0.1703415487524827
ND,0.17033550768163513
PL_CTDD_167,0.17029727739721323
PL_AAIndex1_551,0.17027702831571587
PL_AAIndex1_491,0.17022329939535727
BLOSUM5,0.1702172174409479
ProtFP3,0.1701586264054015
W,0.17008557467471677
PL_CTD_86,0.17001870904563673
PL_CKSAAP_111,0.16996500617226062
AI,0.16986094035464985
PL_AAIndex1_439,0.16974511712540902
PL_CKSAAP_108,0.16973503740038412
PL_CTD_208,0.16970796799203394
PL_QSO_Grantham_18,0.1695215336166814
PL_CKSAAP_244,0.1695127775990321
PL_CKSAAP_139,0.16938059692195165
PL_CTDD_52,0.1693722508631112
PL_CTDC_30,0.16935201159622718
PL_CTDD_80,0.16934531739282302
FGF,0.16932403059354867
PL_CKSAAP_317,0.16930982952236315
PL_AAIndex1_51,0.16930185915032353
PL_CKSAAP_390,0.16926012167005158
E3,0.16900423762767897
PL_CKSAAP_57,0.16899666507188443
PL_AAIndex1_498,0.16885844110592577
EM,0.16885466099021487
HG,0.16881546914333154
PL_CKSAAP_61,0.16878263915745434
PL_QSO_SW_20,0.16870538521516737
PL_CTDD_28,0.16859869816493805
PL_CTD_127,0.16856850616061472
PL_CTDT_23,0.168512258955317
PL_CKSAAP_299,0.16845233956736322
PL_CKSAAP_149,0.16841406629953423
PL_AAIndex1_539,0.1678309967824865
PL_CKSAAP_347,0.16774995006453383
SGD,0.16762360568620208
PL_CTDD_83,0.16744869005524818
SDF,0.16740599724018526
EL,0.1673966011939428
PL_CKSAAP_236,0.1673898854348079
PL_CTDD_97,0.16735315906812537
PL_CKSAAP_109,0.16734959843947148
Helix,0.16708915912314573
PL_CKSAAP_355,0.1670178993207488
FI,0.1668601077307684
PL_AAIndex1_468,0.16678737668670615
PL_CTDT_35,0.16675237194868928
PL_AAIndex1_258,0.16674809838314578
PL_APAAC_12,0.16672154406495598
PL_CTD_85,0.1666773193829984
LY,0.16664573524594928
PL_CTDT_21,0.1666443373065379
PL_CTDD_176,0.1665995854893566
PL_AAIndex1_156,0.16656697057494543
PL_CKSAAP_217,0.1663549510677673
PL_AAIndex1_318,0.1663467717601555
FGS,0.16625575370455295
YE,0.16613351821354416
FL,0.16603849500148232
PL_CTD_264,0.16579895285678842
PL_CKSAAP_221,0.1657803419621836
PL_CKSAAP_67,0.16551878710235796
PL_AAIndex1_41,0.16540935974134838
PL_CKSAAP_170,0.1653769824513893
WE,0.1649618705839574
FG,0.164933277309697
PS,0.16458002131389085
PL_QSO_SW_8,0.16452354391934915
PL_CTD_273,0.16450257736011495
PL_CTDT_14,0.16448153718729946
PL_CTDD_117,0.16431821998837007
PL_CTDD_147,0.16431821998837007
PL_CKSAAP_65,0.16422085734856898
PL_CKSAAP_234,0.16417592360451874
PL_CKSAAP_291,0.16417555261279124
PL_CTDD_161,0.16417033647973284
SGG,0.16405541468254353
PL_CKSAAP_379,0.1640215493249341
PL_CKSAAP_243,0.16383009205456425
FV,0.16379825207713788
HF.1,0.16377449593943302
PL_CKSAAP_259,0.16372770097200523
PL_CKSAAP_278,0.16371322899831414
PL_AAIndex1_376,0.16363940996923212
PL_CKSAAP_376,0.16362233963677286
PL_CKSAAP_107,0.163548301106404
MSWHIM3,0.16345560767073933
PL_AAIndex1_544,0.1634048818067064
PL_CKSAAP_157,0.16333225142321423
PL_SOCN_SW_2,0.16327987341107614
PL_CKSAAP_174,0.16326710614193454
PL_SOCN_Grantham_2,0.16321417364438962
PL_CKSAAP_87,0.16319285346868828
PL_AAIndex1_92,0.16318944741308405
S,0.1630919750974799
PL_SOCN_SW_0,0.16307932596426836
PL_AAIndex1_285,0.16305801221037405
KL,0.16290042466417004
PL_CKSAAP_187,0.162894641230646
VK,0.16282895805252154
PL_PAAC_12,0.16279610803468622
PL_CKSAAP_60,0.16279244067175042
HHD,0.16277383190388034
PL_AAIndex1_315,0.16276961723303274
PL_CTDD_2,0.16276871959643424
PL_CKSAAP_8,0.16276318820832522
PL_CKSAAP_197,0.1626594454949627
PL_AAIndex1_80,0.1625608770131335
PL_CKSAAP_116,0.16249197613235403
GS.1,0.16248184854063122
DH.1,0.16246318819104075
PL_AAIndex1_74,0.1624578378214805
PL_CTDD_31,0.1624190007332785
PL_CKSAAP_83,0.1623556552996726
GW,0.16233641073280666
PL_SOCN_Grantham_0,0.16231937162703483
PL_AAIndex1_116,0.16225586978209217
PL_CKSAAP_42,0.16202206939275715
PL_CKSAAP_166,0.16200765033987008
FDS,0.1618816991958783
PL_CKSAAP_322,0.16174527663300897
PL_CTDD_92,0.16170966184744978
PL_AAIndex1_123,0.16170161841690484
PL_CTD_122,0.1616894449666126
PL_CTD_152,0.16163188149260985
FK,0.1615679135942167
PL_AAIndex1_136,0.16152086389461473
GHF,0.16150699051341744
GK,0.16149108912160307
PL_CTDD_16,0.16135861230198004
PL_AAIndex1_332,0.16126071230896205
PL_CKSAAP_292,0.16110357752662177
PL_APAAC_14,0.16106774435069468
PL_CTDD_111,0.1610257564637184
PL_CTD_232,0.16098191258981764
PL_CTDC_33,0.16097825755489567
PL_CTDD_118,0.16092835695321034
PL_CTDD_148,0.16092835695321034
PL_CTD_79,0.16085109141944764
PL_CTDD_53,0.16081414467349733
EV,0.16080205718665483
PL_AAIndex1_300,0.16069993504809235
PL_CKSAAP_124,0.16068668614972123
PL_CTDD_136,0.16064176708879915
PY,0.16057831499285907
IR,0.16026475437830173
PL_CKSAAP_310,0.16022004590604644
SS,0.16018862817986249
PL_CTD_82,0.1601778489598188
PL_CTDD_90,0.1601466457278047
PL_AAIndex1_206,0.16011060682539047
PL_CTD_136,0.15992064752701518
PL_CTDD_138,0.1598819662464441
N,0.1598779326343854
PL_CTDD_41,0.159876862544515
PL_CTD_236,0.15967745773875713
PL_CKSAAP_267,0.15964928393958508
PL_CKSAAP_295,0.15961592192998617
PL_AAIndex1_63,0.15955987547952974
S.1,0.1594998447164282
PL_CTDD_13,0.15943488233713823
SL,0.15934626545545316
PL_SOCN_SW_1,0.15927970802965347
PL_SOCN_Grantham_1,0.15925051806590215
YQ,0.159250221251093
PL_CKSAAP_255,0.15916074333799085
PL_AAIndex1_202,0.15910885610916592
PL_CKSAAP_308,0.1591048304215085
GSF,0.15908236357031497
PL_CKSAAP_80,0.15905215702778364
PL_PAAC_14,0.1587472473838309
PL_AAIndex1_98,0.15873297236212763
PL_QSO_SW_13,0.15871628890214654
PL_APAAC_11,0.15871281474624963
PL_CKSAAP_162,0.15866455349043013
PL_AAIndex1_133,0.1586361859328119
PL_AAIndex1_22,0.15861970772396292
PL_AAIndex1_188,0.15861122913882394
PL_AAIndex1_442,0.15843987797285533
PL_AAIndex1_456,0.15841691524463125
PL_AAIndex1_441,0.15841341168461817
PL_CTD_183,0.15829216716035702
PL_CKSAAP_269,0.15822550195217414
PL_CTD_148,0.1581845208711668
FE,0.15816492069349386
PL_AAIndex1_375,0.15815808364273348
AF,0.15806201337883846
PL_CTD_285,0.15794440174502156
PL_CTD_24,0.15791592022809464
GDH,0.15782474216764758
PL_AAIndex1_94,0.15781717750933205
PL_CKSAAP_266,0.15780137036075206
PL_AAIndex1_493,0.15774390781196862
SS.1,0.15753395049094507
PL_AAIndex1_440,0.15748240683361994
HGG,0.15739896814132662
PL_AAIndex1_469,0.1573519766934856
PL_CKSAAP_398,0.15721067260887564
PL_CTD_74,0.15718655725016564
PL_CKSAAP_85,0.15717814522716325
PL_AAIndex1_455,0.15715251019955587
PL_AAIndex1_93,0.15713814018223585
PL_CTD_104,0.15710675304383764
PL_Entropy_0,0.15696443472256885
GT,0.15695878017443643
PL_CTD_197,0.15692950300094297
PL_AAIndex1_550,0.15689986736419856
PL_QSO_SW_14,0.15664732509128013
P,0.15659630230016708
PL_CKSAAP_154,0.15659243716681842
PL_AAIndex1_470,0.15658247875459616
PL_CTDD_108,0.15657111456856226
AC,0.15638119892416114
AT,0.15630402996232148
PL_CTDC_38,0.15629791352529296
GHH,0.156238836449352
PL_AAIndex1_546,0.15620653102683163
DSH,0.15618717282129566
PL_AAIndex1_540,0.15617875476837548
PL_AAIndex1_341,0.15615917159282555
PL_QSO_Grantham_15,0.1560788117610549
PL_CTD_259,0.1560675993481395
PL_CTD_31,0.15597689600321382
VH,0.15592878783366287
QD,0.1559244167977218
PL_QSO_Grantham_21,0.1559189297649914
ProtFP8,0.15583623280349304
PL_AAIndex1_458,0.1557711661226933
PL_AAIndex1_249,0.1557402806439811
MD,0.15564198905403942
PL_CKSAAP_145,0.15563707294701576
GHG,0.1556103624792211
PL_CKSAAP_119,0.15550650162828028
PL_CKSAAP_115,0.15549060975145773
PL_CKSAAP_311,0.15536359307979364
PL_PAAC_11,0.1553519797781621
RL,0.15534021257956263
PL_CKSAAP_48,0.1552957149616664
TT,0.1552759589568821
PL_CTDC_28,0.15518385647311997
PL_APAAC_6,0.15512000494519912
PL_AAIndex1_207,0.1551123408732394
IM,0.15506791547313528
PL_CTD_295,0.1550254760972825
LI,0.15500865792470486
PL_QSO_Grantham_11,0.1550022216719241
PL_CKSAAP_331,0.1548959489067676
PL_CTDD_102,0.15489373191225003
CT,0.15482085218009514
PL_CKSAAP_72,0.1547939462029872
DDH,0.1547868971293407
DP,0.15478602675043177
PL_CTDD_1,0.15477242318507078
PL_CTDD_101,0.1547659205578032
LG,0.15476523116358146
PL_CKSAAP_40,0.1547520543351151
PL_CTD_124,0.15474808104976623
FR,0.15471592037994847
MolecularWeight,0.15470264376393777
PL_CTDD_21,0.15467456074537317
PL_CKSAAP_195,0.15463370401518153
EP,0.15462897549846621
PL_CKSAAP_240,0.15459887641736172
AF4,0.15459723313390425
PL_CKSAAP_313,0.15457405689429926
PL_CTDD_131,0.1545178169333949
PL_CTDT_19,0.15443648324993825
MT,0.15442510134261622
PL_CTDD_172,0.1543617086275158
PL_CTDD_66,0.15434888824672177
DHF,0.15427986945430228
PL_CKSAAP_159,0.154172450270838
DDS,0.15410469253760817
PL_QSO_SW_11,0.15397712655864781
DL,0.15397587836333368
FH.1,0.1539528526612037
PL_ATC_bonds_1,0.15394013141325139
PL_CKSAAP_156,0.15385183455671797
RD,0.15380183812937967
PL_ATC_bonds_0,0.15376698161416616
PL_CKSAAP_167,0.15373186913838197
PL_AAIndex1_135,0.15371126954966263
PL_CTDC_27,0.1537066805820244
PL_AAIndex1_115,0.1535946055382946
PL_Geary_5,0.15353497396751797
PL_CKSAAP_205,0.15348082243756137
FS,0.15342657075628677
PL_CTDD_105,0.15337061132991953
PL_CTDD_142,0.15336466385892467
PL_CKSAAP_76,0.15335420535409464
GR,0.15318882898886574
PL_Geary_3,0.1531614774963825
GI,0.15316027313851083
LK,0.1531334475400913
CP,0.1530904087401783
PL_AAIndex1_15,0.1530520276685079
EK,0.15301309024428275
Z5,0.15290421161061596
PL_CKSAAP_185,0.15289212413849282
PL_Moran_5,0.15287054660840063
PL_AAIndex1_250,0.15286260147122735
PL_AAIndex1_30,0.1528540194345693
PL_CTDD_86,0.15283008770616896
GFF,0.15279627950436092
PL_CKSAAP_73,0.1527251055402006
PL_CKSAAP_153,0.1526412670462016
PL_CTD_75,0.15263857098384745
HSD,0.1526077839894051
SFD,0.15259667850893507
PL_CTDD_26,0.15256298892079043
GS,0.1525437543200171
PL_CTD_245,0.15253713027022003
PL_PAAC_6,0.15242891661487415
PL_CKSAAP_17,0.15241677809398213
PL_Moran_3,0.15236450862229903
PL_AAIndex1_549,0.1523119772142032
EI,0.15229755187182548
PL_AAIndex1_395,0.1522593975693238
ET,0.15223845011712805
PL_CTD_222,0.1522293689765985
SFG,0.15221546780931136
NG,0.15218918488292027
PL_APAAC_0,0.15206981194464217
BLOSUM8,0.1518969083606878
PL_CTDD_38,0.1518698012150686
SG.1,0.15175178331547642
AS,0.15173122651152768
PL_CTDT_18,0.15164853994010233
DV,0.1516095791743133
PL_CKSAAP_315,0.15137257276921023
PL_APAAC_8,0.15136635898973613
PL_CTD_182,0.15136422628962362
PL_AAIndex1_394,0.15135357490852733
PL_CTDD_193,0.15128362089721914
MK,0.1512519655265594
PL_CTDC_13,0.1512482459557647
RI,0.15119545302748583
PL_CTDT_27,0.15114028437407645
PL_AAIndex1_459,0.1510734586988695
SF.1,0.15102157570104216
LA,0.1509551310770355
PL_PAAC_8,0.15085334356131028
FSG,0.15083638090564358
PL_AAIndex1_134,0.15082361372841105
PL_CKSAAP_102,0.1507910271703558
PL_CTDD_12,0.15071780892619646
PL_CTD_231,0.15055930183164465
PL_CKSAAP_285,0.15051441686220157
PL_ATC_bonds_2,0.15048849612779303
SD,0.15047300115778056
PL_AAIndex1_471,0.15045080788310686
PL_CTDD_76,0.15043556824733856
PL_CTDD_186,0.15043556824733856
PL_AAIndex1_334,0.15041801792176682
PL_CKSAAP_371,0.1503810907394462
BLOSUM3,0.15027318919023291
PL_AAIndex1_201,0.150187850497034
PL_CTDD_153,0.15016695844529063
PL_CKSAAP_151,0.15013926180243137
PL_CKSAAP_245,0.1501344227598462
PL_CTDD_177,0.15005526368398417
PL_CKSAAP_263,0.15004932035022867
PL_QSO_Grantham_14,0.15004235670798813
YK,0.1499817342272568
PL_CKSAAP_152,0.14995529962536552
PL_CTDD_6,0.14991795176151174
DF,0.14991692016645916
KN,0.14988987888915734
ST7,0.14987337428479097
PL_AAIndex1_25,0.14983995929919214
HG.1,0.14970783017953312
SSS,0.14963615306341205
VI,0.1496073154942823
SI,0.14953293817348431
PL_AAIndex1_305,0.14936441555014965
PL_CKSAAP_373,0.14934452737877768
PL_PAAC_0,0.149306463813341
ME,0.14925627588763912
PL_CTDD_166,0.149175850728896
PL_CTD_0,0.14909044104423477
PL_CKSAAP_13,0.14896190607806623
PL_CKSAAP_75,0.14888738626290085
PL_AAIndex1_310,0.14868670539072562
R,0.14861069357626494
TA,0.1485842715366922
YD,0.14858422595049367
KC,0.14857142505700163
GSD,0.14855623067112259
RY,0.14850673082998617
RP,0.14838824836293446
GSG,0.14829390776080495
ST6,0.1482713883459568
PL_CKSAAP_113,0.14825518247910605
PL_CKSAAP_349,0.1481186489538802
PL_CTD_39,0.14810786003833748
HSH,0.14810758945479494
PL_CTD_176,0.14802901106680263
IC,0.14802772566901704
PL_CTDD_98,0.14798444622197732
FGH,0.14792783427284426
PL_AAIndex1_366,0.1479249973379436
IK,0.14784499370185553
PL_AAIndex1_451,0.14784239948802416
PL_CTD_227,0.14768693792096765
PL_CKSAAP_323,0.14767461296018636
ES,0.1474353991639178
VL,0.1473416261339866
PL_CTDD_156,0.14733023569906892
PD,0.14732315094085865
PL_CKSAAP_169,0.14731786533241667
PL_CTDD_126,0.1472992114916056
PL_CTDD_127,0.1472978876088241
HDH,0.14729634568767916
PL_MoreauBroto_1,0.14708506928749188
PL_CKSAAP_280,0.1470178869245363
PL_CKSAAP_175,0.14701468472024015
PL_CTDD_67,0.14700546584053634
AV,0.14696963453168962
PL_AAIndex1_363,0.14694306673405155
IE,0.1469369178795092
PL_CTDD_107,0.146931235435032
HHG,0.14692916182806856
PL_APAAC_17,0.1469079843898163
PL_CTDT_11,0.1467768385710185
PL_CTDD_121,0.14676139994096324
PL_CTDD_71,0.14676139994096324
PL_CTDD_141,0.146752347375842
DE,0.14673203431105
HGH,0.1467137865207725
PL_CKSAAP_306,0.1466775785768105
PL_CTDC_7,0.14666711658479212
PL_CKSAAP_101,0.14665881809667963
PL_CKSAAP_120,0.14659403454608275
HGF,0.14657009816472333
PL_Geary_7,0.14653461100064283
PL_CKSAAP_165,0.14648765574592046
PL_CKSAAP_15,0.1464276812102936
SFS,0.14642197967173673
PL_Moran_7,0.14641176174627285
PL_CKSAAP_296,0.14639634970553186
KF10,0.14639433125873555
PL_CTDD_106,0.14634992176696476
PL_CKSAAP_163,0.1463075591545755
PL_CTD_123,0.14625902946173505
WM,0.14624634806478934
CI,0.14623537279676355
PL_CKSAAP_112,0.1462347266153289
ProtFP7,0.14613470388944003
KK,0.146023064706673
PL_QSO_Grantham_12,0.14594533337492646
EN,0.14590905220659744
PL_CTD_163,0.1458963438728961
PL_PAAC_17,0.14578145642741702
LD,0.14576885847971952
KQ,0.14575174146040648
PL_CTD_164,0.14573439502551158
DSD,0.14573397334096744
NI,0.14563432024972983
PL_MoreauBroto_5,0.1456322607750916
PH,0.14550494287098226
PL_QSO_Grantham_6,0.14550398725149807
PL_CKSAAP_223,0.14537973634459106
PL_CKSAAP_275,0.14531713332771073
PL_CKSAAP_289,0.145241409311041
PL_CKSAAP_354,0.1452369879795298
PL_QSO_SW_10,0.14523679193405994
PF,0.1452161368364974
DHS,0.14520358872899874
NV,0.14519491784216912
PL_CTD_212,0.14515624472537264
PL_CTDC_21,0.14514888735384418
AG,0.14512036741400933
PL_CKSAAP_194,0.14509566622022627
SH.1,0.14509370064300506
PL_CTDD_137,0.14507325485574857
PL_CKSAAP_208,0.14506281114087927
SVGER2,0.1450501201283768
PL_CTD_81,0.14498237981485207
PL_CTDC_19,0.14494191202365014
PL_CTD_115,0.1448851102672562
IF,0.14488481511016837
WK,0.14483791342746372
PL_CKSAAP_235,0.14478219420297006
VW,0.14477490226898326
IT,0.14467232349957623
LN,0.14466692047460758
FS.1,0.14464453090822724
AL,0.144595554834538
PL_AAIndex1_378,0.1445716031094413
YL,0.14455562656678064
YR,0.1445498818624672
PL_AAIndex1_475,0.1445263458955369
SSF,0.14446621684090338
SHG,0.144437376447921
WS,0.14437514468270515
TE,0.144341594751695
PL_CKSAAP_20,0.14429288819554678
PL_CTD_262,0.14429082203846108
HFS,0.144236419308765
SGS,0.14415735108000535
FF,0.1441467605191421
PL_QSO_SW_0,0.14407213399617358
PL_CTD_269,0.14402559571797244
PL_CTD_84,0.14400987600110704
PL_CKSAAP_344,0.1439406219190957
GHS,0.14381976346852574
PL_CKSAAP_14,0.14377707311624313
TV,0.14370915541093054
PL_CTD_8,0.14367062093245506
WI,0.14366794330989704
FSD,0.1436565262632086
ID,0.14365022468557
H,0.1435438690671305
PL_CKSAAP_220,0.14343943418688415
DSS,0.14343344774229347
PL_CKSAAP_273,0.14342564448666653
PL_CTD_268,0.14341551580352846
PL_CTD_252,0.14338368453549963
PL_CTDD_103,0.14329262722112757
NP,0.14328040870003728
PL_CKSAAP_141,0.14325833587753978
PL_CKSAAP_238,0.14322752726761473
PL_CKSAAP_393,0.14318341797737236
PL_CTDD_181,0.14312725644619498
AR,0.14298121663814686
A,0.14292664489960527
HR,0.14279443405192502
AN,0.14274733188340738
PL_CTD_77,0.14269119532382177
PL_AAIndex1_117,0.1426907856459683
PL_CKSAAP_256,0.14264997944626515
PL_CKSAAP_229,0.14252225956691336
PL_CKSAAP_297,0.14240834689918297
PL_CKSAAP_161,0.14240591776241407
PL_CTDD_82,0.14240504742313587
DFF,0.1423288374043982
PRIN3,0.14224654587050573
PL_CKSAAP_189,0.14223918331655958
SVGER11,0.14223663861481625
PL_CTD_37,0.14218069473620987
TC,0.14209079759493645
HHS,0.14201814824762685
PL_CKSAAP_271,0.14198663882845633
DQ,0.1419826287391817
PL_CKSAAP_201,0.14196239610363598
CL,0.14193099989857505
PL_Moran_6,0.14190840674391622
KE,0.14187871507703456
LR,0.14183954142930513
PL_AAIndex1_229,0.14182764761804195
PL_CKSAAP_265,0.14180819534042807
SSD,0.14178552152932192
PL_CTD_126,0.14172069235023926
PL_CTDD_96,0.1417101402151148
MW,0.14167229132000309
PL_Geary_6,0.14161457017644366
PL_CTD_129,0.1415692160815735
PL_CKSAAP_210,0.1415689882807805
PL_CKSAAP_36,0.141559128116405
WT,0.14151260299186808
NA,0.14148751076091898
HH.1,0.14148241753393492
LT,0.141461071246539
PL_CKSAAP_11,0.14130506285040062
PL_CKSAAP_16,0.14128609730280692
PL_CKSAAP_130,0.14127223353853433
PL_CKSAAP_180,0.1412417383226453
PL_CTD_35,0.141231373393543
PL_CTDC_22,0.14121192843159602
PL_CKSAAP_327,0.1411704892351882
PL_CKSAAP_346,0.14112438494912982
VV,0.14111964660852727
PL_QSO_Grantham_22,0.14105696044554825
PL_CKSAAP_302,0.14101808692502382
PL_CTD_225,0.14096784074561397
PL_CTD_26,0.1409675852068274
PL_QSO_Grantham_0,0.14093823852640497
PL_CKSAAP_370,0.14093506905388586
PL_QSO_Grantham_10,0.1409345661846763
PL_AAIndex1_259,0.14086148304115556
PL_CTDC_16,0.14083600274239175
SDD,0.14082850296437946
SSH,0.14081084968641147
IH,0.14076098437082926
PL_AAIndex1_144,0.1406461031840599
RV,0.1406184566409799
FDD,0.14056397776800922
PL_CKSAAP_198,0.14036387651865578
PL_CTDD_56,0.1403340390927232
HDD,0.14028834577828664
HFG,0.14028421988151119
SDS,0.14027907317539506
PL_CKSAAP_211,0.14027132767194697
PL_CKSAAP_333,0.1402342113046709
RM,0.14022065104259376
GSS,0.140210753061037
DK,0.14019888222324473
PL_CKSAAP_93,0.1401920098212884
PL_QSO_SW_12,0.13998667276965424
PL_MoreauBroto_3,0.13994545341158357
PL_CTD_221,0.13993904850937125
RN,0.13984920548812826
PL_CTDD_135,0.13984141074163042
PL_CTDD_36,0.13983449561247696
PL_CKSAAP_98,0.13980792398164962
PL_CTDC_25,0.13976978560912567
SF,0.1397221881971472
KM,0.1396964589286404
PL_CKSAAP_9,0.13969560275787046
PL_CKSAAP_215,0.1396778546051875
PL_CTD_17,0.1395788412988884
PL_CKSAAP_137,0.13954912953436577
PL_CKSAAP_231,0.13946928901215275
PL_CKSAAP_103,0.13943473108051851
PL_CKSAAP_43,0.139401539017294
PL_CTDD_7,0.13938573720881328
LQ,0.13931690340846753
PL_CKSAAP_218,0.1392428782538954
AM,0.13921249272999653
KV,0.1391989490258421
PL_CTD_54,0.13917448492610593
SG,0.13914461498744418
PL_CTDD_27,0.1390443110249542
PL_CKSAAP_181,0.1390318156708447
PL_AAIndex1_17,0.13903161364664243
PL_Geary_4,0.13902294513720145
SP,0.13901202751120412
WV,0.13900510074194555
VD,0.13897750997578137
FSS,0.1389452823466479
PL_CTDD_81,0.13893183049071214
TD,0.13892822784463868
YG,0.13892757499052782
PL_Moran_4,0.13889700962860857
YT,0.13889495552378336
QF,0.13881977280614544
EW,0.13869370849691923
FC,0.13857219336004506
PL_CKSAAP_309,0.13850857416834408
PI,0.13848214841773446
VG,0.13847375352505134
PL_CKSAAP_237,0.1382970497499771
AY,0.1382708188106756
PL_CTDD_30,0.1381410284169645
CK,0.13801322884174505
PL_CTD_247,0.13801172412925208
HSG,0.13801158824518545
FHG,0.138008356959069
QM,0.1379556684045965
PL_CKSAAP_147,0.13790862724382952
TY,0.1378798510267626
PL_CTDD_191,0.1378661257047573
PL_CKSAAP_328,0.1378262716923145
GFH,0.1377937150060541
NQ,0.13773055582106775
M,0.1377258979799758
SSG,0.13768067828720226
PL_CTDD_112,0.13766183032498852
PL_CKSAAP_51,0.13750318594025368
FFS,0.13747000869630044
BLOSUM7,0.13743372693557881
FM,0.13737280799166335
PL_CKSAAP_97,0.13734604307336354
PL_CKSAAP_272,0.13734194574326034
PL_CTD_214,0.1372258784956314
F5,0.13722175403753956
PL_CKSAAP_171,0.13717621808262037
PL_CKSAAP_4,0.13709393430332456
PL_QSO_SW_6,0.13709110599946053
LP,0.13705980456935518
PL_QSO_Grantham_20,0.13696745083484843
AF3,0.13696264277068776
PL_CKSAAP_314,0.1367456755102475
TW,0.13671863693801503
PL_CKSAAP_319,0.13657717142013504
PL_CTDD_168,0.13652692509594222
DY,0.13644561819215492
PL_CKSAAP_206,0.13642193144757706
PL_CKSAAP_200,0.13630777429030272
WA,0.13630084321560904
PL_CTDD_125,0.13629021200142977
PL_CKSAAP_89,0.1362823507332119
PL_CTDD_91,0.1362811273052807
PL_CTDD_11,0.1362148576201654
PR,0.13621283204018564
PL_MoreauBroto_2,0.13621016968776264
PL_CKSAAP_288,0.13615544601957413
VC,0.13614715516036552
KD,0.1361311222579394
PL_CKSAAP_337,0.13611498589312748
PL_CKSAAP_117,0.13611479755704758
PL_CTD_255,0.1360977102849404
PL_CTDD_113,0.13607711820535734
VA,0.13607638181663528
SC,0.1360286558050257
PL_CKSAAP_193,0.13600992091839134
PL_CTD_157,0.13593759317367649
PL_CTD_119,0.135869172908401
PL_CTD_151,0.1358564946511877
RQ,0.13576615027268826
PL_CTDD_61,0.1357479481268126
PL_AAIndex1_203,0.13573922969049568
SW,0.13573318391456332
AF5,0.13571980087856042
VT,0.13564313216076335
PL_Motif_0,0.13557601864529012
PL_CKSAAP_282,0.13555917568534098
RK,0.13555521191721645
EF,0.1355031789520504
MG,0.13535703479256442
EQ,0.13522710237958604
RT,0.13510769547747398
PL_CKSAAP_300,0.135069925538365
PL_CTDD_37,0.13504347389645605
VM,0.13502341664833142
GL,0.13501498863911415
PL_CTDD_68,0.13500232512074212
TP,0.13499794960227846
RG,0.13498607456711442
PL_CKSAAP_247,0.13497242286260627
WG,0.1349568262932528
TN,0.13495122878623894
YF,0.13489487844395812
DI,0.13483776597184785
PL_MoreauBroto_7,0.13479854810524636
IY,0.13479471008663393
QY,0.1347939269069052
EY,0.1347517237856112
KI,0.13469526587779124
PL_CKSAAP_225,0.1345909038708403
GQ,0.1345464066592092
PL_CTD_213,0.13448276185340882
LL,0.13439705592640547
PL_Geary_2,0.134255237510994
DR,0.13425271111887965
PL_CTD_65,0.13417337863022086
PL_CKSAAP_312,0.13409330852825938
PL_CKSAAP_251,0.13402178923584795
PL_APAAC_9,0.1340161499614485
PL_Moran_2,0.1339430823189593
PL_CKSAAP_202,0.13380233385274792
MP,0.13378136749850247
PL_CTD_154,0.1337545529907027
PL_AAIndex1_372,0.13364437991846517
PL_CTDD_8,0.13358055614970024
PL_QSO_SW_22,0.13355003943337765
DS,0.1335468853107426
PL_CTDD_35,0.13354161315566365
PL_CKSAAP_22,0.13351349790027298
HFD,0.13349949371260647
PL_CTD_177,0.13345613011123109
PL_CTD_219,0.13343228664423193
PL_CKSAAP_95,0.1334075156867729
PL_CTDD_171,0.13337842850418785
KT,0.13332622150416465
PL_CTDD_45,0.13327461650251377
PL_APAAC_19,0.13327369965494573
BLOSUM9,0.1331945082257454
PL_CKSAAP_283,0.1331874417269427
VR,0.13318314637880155
PL_CKSAAP_34,0.13314639969291384
PL_CTD_308,0.1331228195413744
PL_CKSAAP_2,0.1330401726466715
PL_CKSAAP_148,0.13293031136156858
KF7,0.13286295609812054
VN,0.13279699498554076
PV,0.13276720316153828
PL_CTD_108,0.1326922278013918
PL_CTD_23,0.13258544098906427
SHS,0.13255476682176148
AK,0.13254883924797262
PL_CKSAAP_186,0.13252288892145284
PL_CKSAAP_39,0.1325087129575772
PL_CKSAAP_35,0.13244032851466406
PL_CKSAAP_25,0.1323838377063999
PL_CKSAAP_54,0.13231029056144333
IN,0.13222746725908974
PL_CTD_117,0.132217710566838
PL_CKSAAP_340,0.1321936018472621
PL_CTD_19,0.1321881190820874
SA,0.1321869406754909
DFD,0.13217466004241923
PL_CTDD_143,0.1321079640368073
PL_AAIndex1_295,0.1320104546154811
YN,0.13194593082610773
PL_CTD_217,0.13188761106739819
PL_CKSAAP_135,0.131830773571634
PL_PAAC_9,0.13179973802272493
PL_CTDD_150,0.1317167076878355
HY,0.13170041830842685
PL_CKSAAP_325,0.13167302779971327
HS.1,0.13166702080669093
SHH,0.13161454708702905
PL_CKSAAP_125,0.13154453132035462
PL_CTD_235,0.13147221104622273
PL_CKSAAP_105,0.13131332182527444
VP,0.1312227932953634
QQ,0.13115169480733554
PL_CTD_2,0.13112618409912463
PL_CKSAAP_239,0.1311151295312434
DC,0.13107813978202087
PL_CKSAAP_44,0.13103596777905935
PL_CKSAAP_316,0.13100119552761064
PL_CTD_281,0.13096166011547164
AD,0.130951376481552
PL_CKSAAP_12,0.1309427645234508
KS,0.13092885307028385
PL_CKSAAP_397,0.13091148669798958
TR,0.13082089122173507
PL_CTD_18,0.1306672053337045
PL_CKSAAP_192,0.13065463086003104
QL,0.13060423470636645
PL_CKSAAP_233,0.13059326911302088
PL_CTD_201,0.1305251776126171
MV,0.13051362510870854
PL_MoreauBroto_6,0.13045426992790723
PL_CKSAAP_144,0.1304298526654473
PL_CTD_29,0.13038897247008638
PL_CTD_3,0.13037490062815438
QK,0.13031130637461763
PL_CTD_63,0.1302332263775713
PL_CTD_172,0.1302073555967176
PL_APAAC_10,0.1301424395059166
DHD,0.13006520783624284
PL_CKSAAP_301,0.1300274618173255
CN,0.1299302148387134
PL_CTDT_4,0.12991690682276807
NY,0.12990877591646227
DDF,0.12988198993231959
PL_CKSAAP_335,0.12985330341996784
WF,0.12985221568826846
RA,0.1297918718341374
TI,0.1296699112715055
VQ,0.1296626751001549
PL_CTD_32,0.12964249832583755
PL_CKSAAP_268,0.12963277635380716
HS,0.12962158782140704
PL_CTDT_28,0.1295922362157626
QE,0.129525919729193
PL_PAAC_19,0.12946616019694326
CR,0.12942443490083036
CF,0.12941793942287502
MR,0.12941681581626088
PL_CTD_9,0.12941582222177977
IA,0.1293985763079497
SM,0.1293764026706878
YV,0.12937404568149313
PL_CKSAAP_385,0.12920540881993609
RC,0.12919758657662636
PL_APAAC_1,0.12918059970845938
IG,0.12917896003877477
QT,0.12917250970568897
NR,0.12916798093830253
PL_CTD_161,0.1291660865721605
MQ,0.12912000317022626
PL_CKSAAP_250,0.12911429157087112
PL_CTD_67,0.12910003369064116
HSF,0.129021422547443
PL_CKSAAP_0,0.12899672835200207
PL_CKSAAP_6,0.12893541989822824
FDH,0.12893521448386736
YM,0.1288835517477218
PL_CTD_149,0.12885334808634422
AH,0.128770442056682
PL_CKSAAP_114,0.1287333970887887
PL_AAIndex1_348,0.12860423928323578
PA,0.12840549134952609
PL_CKSAAP_252,0.1283511528345596
PL_CTD_33,0.1283198438908769
KF,0.1281380809326473
PL_CTDD_160,0.1280518508948247
PL_PAAC_10,0.12791535895194364
GC,0.12791337287737414
KP,0.1278262763391712
HA,0.12773614569376104
LW,0.12770706489131634
WP,0.1276089371957259
PL_CTDD_180,0.12750502168996172
PL_CTD_207,0.12750407251795295
PL_PAAC_1,0.12740420392946739
PL_CTD_20,0.12738061704584783
IP,0.1273535078808256
GY,0.1273089226203844
HSS,0.12730561433174448
FHD,0.12729278239803282
WN,0.12724727902998687
PL_AAIndex1_204,0.12715748139168906
SR,0.12714817956248392
NW,0.12714075169662048
PL_CTD_283,0.12705130382463295
SQ,0.1270388177376114
QP,0.1270119090095458
QS,0.12697716290496996
PL_CKSAAP_118,0.12690028951296317
PL_CTD_64,0.12688006438493332
PL_CKSAAP_350,0.12682106104307975
PL_CTD_226,0.12681827606520754
PL_CKSAAP_336,0.12681542338413174
DSF,0.12681370303049896
LS,0.12678957122787948
NM,0.12670646718708825
HE,0.12666387753003702
PL_CKSAAP_352,0.12664619744710934
DN,0.12664373109145982
PL_CKSAAP_207,0.12662730592652519
PL_CTD_178,0.12659413523238455
LH,0.12658461846982538
PL,0.1264255749377982
GP,0.12632224603767783
PL_CTD_102,0.12622510994689146
NS,0.12609649066274872
QH,0.12602327388383122
SFF,0.12595427578145824
PL_CKSAAP_23,0.1259349303365589
SK,0.12592854967068387
PL_CKSAAP_253,0.12591977284444575
PL_CKSAAP_332,0.1259108837393848
HHH,0.12590787199937525
IW,0.12589153579112167
HDS,0.12588933678823916
KF5,0.12587300913374438
PL_CKSAAP_136,0.12585847254689275
IS,0.12577525114071395
PL_CTD_11,0.12577303513612476
FY,0.12572870192260263
IV,0.1256795020982083
FSF,0.1256232887945268
PL_CTD_302,0.12558570300390462
KA,0.12550728939256894
FT,0.12549085784933217
MF,0.1254385217502212
PL_CKSAAP_99,0.12537764585122313
PL_CKSAAP_248,0.1252259969327619
PL_CKSAAP_66,0.1251885584707774
FHH,0.12515793988332166
VSTPV6,0.1251403398141982
PL_CKSAAP_382,0.12492253406323907
YP,0.1248150707266002
QN,0.12479900000854996
HFF,0.12471799229282306
PL_CKSAAP_294,0.12468987048972167
PL_CTD_224,0.12463468526260418
PL_CKSAAP_38,0.12460977760181853
SE,0.124567969368135
FN,0.12449481052064072
FFH,0.12442308408006002
SY,0.12440058947547551
PL_CKSAAP_219,0.12438868335350066
PL_CKSAAP_257,0.12416542330842613
PL_CKSAAP_293,0.124114179592876
PL_CKSAAP_254,0.12407206715118917
PL_CTD_101,0.12400475790007638
EH,0.1239597881829406
PL_CKSAAP_177,0.12374446584825519
TS,0.12368637299058458
PL_CTDD_170,0.12368165229436606
PL_CTD_220,0.12362979058452142
SDH,0.12362616333649887
WR,0.12361861954463839
VS,0.12358822572655571
PL_CTD_204,0.12357200643958052
PL_CTDD_192,0.12356923084395842
PL_MoreauBroto_4,0.12348410252464279
PL_CTD_73,0.12345636392752396
QR,0.12331780102694223
PL_CKSAAP_106,0.12325430417062272
PL_CTD_103,0.1232528754178825
PL_APAAC_4,0.1232411176697689
PL_CTD_135,0.12315823696690731
PL_CTD_274,0.12305084451691099
QW,0.12290878339587204
NE,0.12285460918796479
HL,0.1228265744248072
SV,0.12279785396263763
PT,0.122776368468369
PL_CKSAAP_339,0.12276481904768494
PL_CKSAAP_334,0.12270496331994711
FHF,0.12264309003527457
HGS,0.12255320659726505
GSH,0.12250597974781621
CD,0.12241800482377757
PL_CKSAAP_29,0.12240936979386079
YI,0.12237326395156095
FW,0.12237175766448007
AA,0.12217407178986844
TL,0.12201306865397206
PL_CKSAAP_216,0.12198787422025897
PL_CKSAAP_30,0.12195651611129986
HQ,0.1219449187951274
PL_PAAC_4,0.12186124498392611
DA,0.12185780812465172
PL_CTD_69,0.12175669190283998
PL_CKSAAP_138,0.12162241300854781
PL_CKSAAP_388,0.12151653591681287
DT,0.1214890290559894
TH,0.12139903908316987
PL_CTD_93,0.12120610470160621
CE,0.12116992684136837
TQ,0.121108636664447
GF,0.12101285664866111
PL_CTD_211,0.12086827054198616
TF,0.12076662809754861
LM,0.12075994838071408
PL_CTD_260,0.12067728526571338
CA,0.12058815486442706
SHF,0.12054705240207073
DH,0.12039727671421996
PL_CKSAAP_395,0.1203369507299534
KR,0.12026244149109949
PL_CKSAAP_284,0.12014485200794363
YS,0.12003652010808925
CH,0.1198312932072548
PL_CTDD_134,0.11979987712220863
HV,0.11978145122560366
PL_CTD_98,0.1197579388296253
PL_CKSAAP_168,0.11970056386911548
PC,0.11964523411730003
YC,0.11963128542070456
DM,0.11952898121693974
PL_CKSAAP_324,0.11950336702305386
PL_CKSAAP_88,0.11946149785637343
KH,0.1194518991179722
SFH,0.11935554048296364
CC,0.11928303767323852
PL_CTD_168,0.11916674007345737
ML,0.1190735860719225
PL_CTD_288,0.11906881332150672
FHS,0.11902846160079164
HI,0.11901274455167468
GA,0.11899597899208329
PQ,0.11898366764290116
PL_CKSAAP_82,0.11895901096930528
QV,0.11894901902480237
SN,0.1189295954106201
PN,0.11882717938542521
QI,0.11880260236347481
WL,0.11879219916665898
DDD,0.11879217579946635
PL_CKSAAP_188,0.1187680801379227
PL_CTD_134,0.1187270792820127
MA,0.1186500668629332
RR,0.11863306325339001
GG,0.11860353386110135
PL_CKSAAP_387,0.11859170119225568
PL_CKSAAP_228,0.11853621694192915
HT,0.11827164181453498
MI,0.11825514959575503
PL_CTD_143,0.11825311521843015
PL_CTDT_22,0.11810255155912164
RE,0.11800678351408751
RS,0.11796452235169778
YW,0.11781067394200943
ER,0.11779994630791212
VY,0.11756341338530855
AW,0.11753998267244664
MM,0.11753413281023402
NK,0.11750596176864249
HD,0.11750360400795919
PL_CKSAAP_394,0.11731284021994239
PL_CKSAAP_249,0.11724862314484409
PL_CTDD_79,0.11703444450785293
PL_CTDD_189,0.11703444450785293
TM,0.11697903083173991
PL_CTD_282,0.11689420540139679
PL_CTD_109,0.11677948356590755
MY,0.11668358121994701
PL_CKSAAP_326,0.1166366173094764
PL_CKSAAP_164,0.11659031759732154
PL_CKSAAP_121,0.11657607453436472
FQ,0.11657390308383186
YA,0.11634534378249374
PL_APAAC_16,0.11624919139429256
KY,0.11617210037299174
PL_CTD_210,0.11607028549055141
PL_CKSAAP_320,0.11601489794078967
II,0.11595437945976107
PL_CTD_66,0.11592415698582814
PL_CTD_30,0.11558497456384437
PL_CKSAAP_19,0.11553922311459261
PL_CTD_113,0.11541982993150665
QG,0.11536089824627457
NC,0.11520238753494484
PL_CKSAAP_123,0.11515332672944877
PL_PAAC_16,0.11500918399456349
PL_CTD_196,0.11500117795913786
SH,0.11499574938396259
PL_CKSAAP_196,0.11491171550575738
PL_CTDD_10,0.11486823395797893
PL_CKSAAP_204,0.1147775391307984
PL_CTD_165,0.11476084906320765
PL_CKSAAP_96,0.11474779793798225
PL_CKSAAP_222,0.1146862684663357
PL_CTDD_154,0.11454024612325323
RF,0.11452705476797663
PL_CKSAAP_63,0.11440748507741624
NL,0.11425126698157118
PL_CTD_301,0.11424141328927999
GN,0.1141588139016869
PL_CKSAAP_176,0.11386615527664491
FA,0.11383118669954624
PL_CTDD_110,0.11379879013796226
PL_CTD_21,0.11377452282683255
DHH,0.11363779638200895
PL_CTDD_19,0.1135185482416358
PK,0.11351307190232927
SHD,0.11345348694049365
PL_CKSAAP_351,0.11344857502402124
HK,0.11337211713388169
PL_CKSAAP_361,0.11319678011047457
PP,0.11316091762930186
PL_CKSAAP_173,0.11314667627972365
PL_CTD_184,0.11312807529683454
AQ,0.11307616275616539
PL_CTD_130,0.11302626473842892
PL_CTD_187,0.11296245261183951
PL_CTD_25,0.11294633722158366
GH,0.11292435004259344
HFH,0.11276055031271695
PL_CKSAAP_384,0.11259708458396793
PL_CTD_44,0.11259439570357394
FP,0.11258728775353169
PL_CTD_312,0.11254072636092624
QA,0.11247940063084062
PL_CTD_169,0.11242356619209924
PL_CTD_256,0.11226273965023177
PL_CKSAAP_68,0.11220733265787351
DFH,0.11218349402841671
PL_CTDD_100,0.11215983122153583
PL_CTD_156,0.11215860367080187
CQ,0.11214334250577733
PL_CKSAAP_191,0.11192073680484528
WW,0.11186222150369933
ST,0.11168753339883229
PL_CTD_257,0.11168628949417048
NN,0.11141429944510421
HF,0.11137391120283176
PL_CTD_250,0.11135664222907332
DFS,0.11132755267553723
PL_CKSAAP_28,0.11130640519766279
FDF,0.11129399889073159
PL_CTD_14,0.11107872233581986
PL_CTDD_140,0.11094186193208895
RW,0.11085850211112923
HHF,0.11082049449551692
PL_CKSAAP_378,0.11069071892220222
PL_CTD_6,0.11025770548349234
PL_CTD_55,0.11020673256639321
CG,0.1101715761108819
PL_CTDD_130,0.11009521272963696
HC,0.10998870096972731
PM,0.1099077409938909
PL_CTD_203,0.10989817715527235
PL_CTDD_34,0.10974431712476643
PL_CTD_116,0.10965595184572609
PL_CTD_206,0.10963023209753132
PG,0.1093310669556267
WD,0.10930669329995286
PL_CTD_88,0.10930403593372177
PL_CKSAAP_365,0.10900268172163795
PL_CKSAAP_329,0.10898851436423691
PL_CTD_28,0.10897698928810633
FFF,0.10865602676135894
RH,0.10839112566504451
NF,0.10837354092681632
PL_CTDD_65,0.10834926514146884
NT,0.10819539439037495
HH,0.10812513321021766
PL_CTD_276,0.1080808435084034
CS,0.1077440318563909
HDF,0.10760859203462353
PL_CTDD_75,0.10748502783975256
PL_CTDD_185,0.10748502783975256
PL_CKSAAP_359,0.10734607016411994
YY,0.10733196270065994
PL_CKSAAP_389,0.10722290360968759
PL_CTD_40,0.10721237820204316
PL_CTD_229,0.10698658803531172
DD,0.10681848586743799
MS,0.10665363716010794
PL_CKSAAP_304,0.10656245769264311
PL_CKSAAP_286,0.10653666306539919
FSH,0.10643230304422348
PL_CKSAAP_396,0.10617331832689689
PL_CTD_46,0.10611389301629967
CY,0.1060367607136376
CM,0.10600359641668596
AP,0.10596509541119435
PL_CTD_233,0.1059227327174549
MN,0.10589305391228462
PL_CTD_42,0.10543340589527185
PL_CTD_150,0.10542985669599156
CV,0.10530222007932903
QC,0.10518507394677655
PL_CKSAAP_129,0.10513707838752108
PL_CTD_71,0.1050589938945752
PL_CTD_263,0.10503124015601187
NH,0.1050213322997322
PL_CTD_27,0.10497732140714389
PL_CTD_60,0.1046360508933235
PL_CKSAAP_18,0.104597363292981
PL_CKSAAP_276,0.10454076315121524
TK,0.10423886484982019
PL_CTD_294,0.10415350667929911
PW,0.10412182310960202
PL_CTD_228,0.10409649075732111
WH,0.10389517925584205
PL_CKSAAP_91,0.10378025837808157
PL_CKSAAP_190,0.10349991670537666
PL_CTD_317,0.10346893871096213
PL_CTDD_0,0.10346203515159494
PL_CTD_142,0.10338230896869097
FFD,0.10333244064050803
PL_CKSAAP_366,0.10318512578960187
PL_CTD_267,0.10302598089209694
HN,0.10277369339426197
PL_CTD_12,0.10261382546569624
PL_CKSAAP_356,0.10253706334634155
PL_CKSAAP_380,0.10243244553103104
PL_CTD_270,0.1022052796269574
PL_CTDD_60,0.10218019689711534
PL_CTDD_29,0.1021529340156638
PL_APAAC_18,0.10203990831455761
PL_PAAC_18,0.10149062650264429
MH,0.10127318785443157
PL_CKSAAP_290,0.10119411186473017
PL_CKSAAP_392,0.10087821175582466
PL_CKSAAP_199,0.10074998533452661
PL_CKSAAP_110,0.10023696137864845
PL_CTD_248,0.100209058985901
PL_CTD_179,0.09989176539578583
PL_CTDD_4,0.09986355823436241
PL_CTDD_64,0.09957056919118437
PL_CTD_59,0.09942794006882513
PL_CKSAAP_90,0.09941136212346793
PL_CKSAAP_341,0.09932726182870492
WQ,0.09928284729419976
PL_CTD_170,0.09901057223648069
PL_CTD_34,0.09892156658587688
PL_CTD_138,0.09884563951484124
PL_CKSAAP_21,0.09863837457689978
PL_CTD_83,0.09862490337924221
WY,0.09826634672630363
MC,0.09743977858153124
PL_CTD_278,0.09715167357926532
PL_CTDD_149,0.09707205986818822
PL_CTDD_119,0.09707205986818822
PL_CKSAAP_224,0.09678770606664294
PL_CTDD_174,0.09677596275668857
PL_CKSAAP_178,0.09659582670931745
HM,0.09568703242311298
PL_CTD_318,0.09549923382754624
PL_CTDD_175,0.09541802457193668
PL_CKSAAP_1,0.09506665342130072
PL_CTD_271,0.09501262139782546
PL_CTD_297,0.09500717447194781
PL_CTD_166,0.09487517843735568
PL_CTD_61,0.09481396971367133
PL_CTD_327,0.09469632048930827
PL_CKSAAP_338,0.09425878341801606
PL_CTD_91,0.09422009070000625
PL_CKSAAP_179,0.0940568039272517
PL_CTD_114,0.09381676836202497
PL_CTD_284,0.09371587568658453
PL_CTD_153,0.09341864306888141
YH,0.09332611583219662
IQ,0.09324788080592591
PL_CTD_110,0.09319164792199315
PL_CTD_51,0.09287448219683304
PL_CTD_140,0.09271836872665366
PL_CKSAAP_241,0.09218382791459163
PL_CTD_303,0.09212308418627778
FH,0.09173922930933637
PL_CKSAAP_399,0.09162415475901518
PL_CKSAAP_59,0.0915630937664646
KW,0.09127696603853667
DW,0.09110225014723222
PL_CKSAAP_134,0.09106896962591166
PL_CTDD_49,0.0908241102965172
PL_CTD_186,0.09055220020506767
PL_CTD_50,0.09052257604727394
PL_CTD_240,0.09026430742850516
PL_CKSAAP_84,0.09001773362691172
PL_CTD_22,0.08996555824949429
PL_CTD_112,0.08985625582669295
PL_CTD_121,0.08965384785595829
EC,0.08963398037700337
PL_CTD_4,0.08941990009395105
PL_CTD_159,0.08880075761543892
PL_CTDD_25,0.08864535873627494
PL_CTD_239,0.08863651153026672
PL_CTD_72,0.0886219747639424
PL_CKSAAP_391,0.08806752142242293
PL_CTD_253,0.08733971512874944
PL_CTD_95,0.08723377812228099
PL_CKSAAP_92,0.08691675496896578
PL_CKSAAP_26,0.08689320453583459
PL_CTD_125,0.08669999918739066
PL_CTD_323,0.08654787648174729
PL_CTD_94,0.0864582506009165
PL_CTD_49,0.08618351892695109
PL_CTD_296,0.08609550182447293
PL_CTDD_169,0.08601863837714412
PL_CTDD_94,0.08573943107166875
PL_CTD_209,0.08567460954339207
PL_CTD_133,0.08560521068505267
PL_CTD_99,0.08556729678808936
PL_CKSAAP_321,0.08530183380982319
PL_CKSAAP_369,0.08524769333541408
PL_CTD_144,0.08521595154234647
PL_CKSAAP_298,0.0849196434696215
PL_CTD_128,0.08475703495101906
PL_CTD_13,0.08447274046807393
PL_CTD_261,0.08437383963129029
PL_CTD_223,0.08399502103813468
PL_CTD_331,0.08394751866184715
PL_CTD_62,0.08391120516954303
PL_CTDD_99,0.08374748013653494
PL_CTDD_54,0.0836783499286365
PL_CTD_106,0.08346114359008315
PL_CTD_147,0.08314944490554739
PL_CTD_192,0.08310893392215774
PL_CTD_132,0.08259231232765311
PL_CTD_199,0.08209065985465759
PL_CTD_205,0.08202436148926262
PL_CTD_173,0.0820062935791856
PL_CTD_290,0.0818570478726556
PL_CTD_329,0.0815515387697585
PL_CTD_7,0.08153459636097249
WC,0.08150373378582593
PL_CTD_216,0.08128600511125646
PL_CTD_10,0.08111476384637241
PL_CTD_313,0.0807266144328507
PL_CTD_322,0.08065034068100108
PL_CKSAAP_226,0.08062913843766882
PL_CTDD_9,0.08024682410150191
PL_CTD_251,0.08016782029512849
PL_CTD_111,0.07977954433063628
PL_CKSAAP_330,0.07959242727211618
PL_CTD_289,0.07937934819849708
PL_CTD_45,0.07916535507128061
PL_CTD_242,0.0791378523867882
PL_CTDD_109,0.07913553377100647
PL_CTDD_24,0.0786868217738745
PL_CTD_190,0.07863228640678528
PL_CTD_287,0.078466818008961
PL_CTD_92,0.07825875776231639
PL_CTD_316,0.07809521672708837
PL_CTD_52,0.0779697679294596
PL_CTD_118,0.07757891614723623
PL_CTD_280,0.07721563346963937
PL_CTDD_69,0.07719483916511224
PL_CTD_305,0.07713228301132526
PL_CKSAAP_209,0.07713176539406229
PL_CTDD_179,0.07664495604742434
PL_CTD_279,0.07627128349886983
PL_CTD_100,0.07616743922705006
PL_CTD_246,0.0758378801507192
PL_CTD_275,0.07529790993485398
PL_CTD_330,0.0752717391693144
PL_CTD_315,0.07335956983791843
HW,0.07301296512647855
PL_CTD_320,0.07275864005788356
PL_CKSAAP_126,0.07256509564253644
PL_CTDD_14,0.07242708297478696
PL_CTD_309,0.07148772644612224
HP,0.07120904530126992
PL_CTD_265,0.0710720764784416
PL_CTD_311,0.07065334446915296
PL_CTDD_44,0.07040125353188112
PL_CTD_241,0.07029771341194527
PL_CTD_96,0.06971718767156816
PL_CTDD_50,0.06963531973652047
PL_CTD_68,0.06961164430150299
PL_CTD_80,0.0695466750633636
PL_CTDD_89,0.0694658383541329
PL_CTD_53,0.06927984975287618
PL_CTDD_74,0.06886244950229102
PL_CTDD_124,0.06886244950229102
PL_CTDD_59,0.06885169185658595
PL_CTD_57,0.06795902516110011
PL_CTDD_139,0.06771673681355929
PL_CTD_189,0.06764936796362153
PL_CTD_90,0.06764077219015194
PL_CTDD_104,0.06759349123292596
PL_CTD_202,0.06734791649681897
PL_CTD_139,0.0672332423057308
PL_CTD_306,0.06708408594860299
PL_CTD_87,0.06696000368155937
PL_CTD_326,0.06617242721879567
PL_CTDD_164,0.06562767718161444
PL_CTDD_184,0.06559042588880347
PL_CTD_15,0.06533438237317317
PL_CTD_58,0.06510298412163758
PL_CTD_254,0.06506118739874288
PL_CTD_145,0.06416105622603997
PL_CTD_304,0.06395521746702423
PL_CTD_325,0.06292095025737342
PL_CTDD_194,0.0626469552479377
PL_CTD_181,0.062131236094096
PL_CTD_298,0.061711540832782075
PL_CTDD_39,0.061510355101498916
PL_CTD_237,0.060752880683646884
PL_CTD_76,0.06062370910405322
PL_CTD_141,0.06017042883290301
PL_CTD_286,0.05988992858739548
PL_CTD_299,0.059515966511297314
PL_CTD_158,0.05934625602089993
PL_CTD_277,0.0585877028919654
PL_CTD_215,0.058522873580890075
PL_CTD_155,0.05798954687639618
PL_CTD_258,0.057888575513592264
PL_CTD_47,0.0571071912931619
PL_CTD_234,0.05707467215630689
PL_CTD_107,0.05681494623722508
PL_CTD_120,0.056775018658838584
PL_CTD_319,0.056710664369894276
PL_CTD_175,0.056671050457632335
PL_CTD_194,0.05649167802515318
PL_CTD_198,0.05630615903173321
PL_CTD_70,0.0561995123722087
PL_CTDD_129,0.05535395473365214
PL_CTD_332,0.05480053879871975
PL_CTD_238,0.05366047727362145
PL_CTD_218,0.05358254304558468
PL_CTD_5,0.053545239640461054
PL_CTD_188,0.05343742593637931
PL_CTD_162,0.05331206322570667
PL_CTD_167,0.05293339188118559
PL_CTD_307,0.05264228853154815
PL_CTD_185,0.05083169066338142
PL_CTDD_114,0.050303158527051035
PL_CTD_291,0.04997706855354401
PL_CTDD_84,0.048955364010162546
PL_CTD_243,0.04875278124215289
PL_CTD_310,0.04857556236552231
PL_CTD_193,0.04831885486575196
PL_CTD_36,0.04825005470056277
PL_CTD_171,0.04784370665642989
PL_CTD_160,0.047590612542107925
PL_CTDD_159,0.04757286539311296
PL_CTD_16,0.04697963047720273
PL_CTD_38,0.0468316098384159
PL_CTD_78,0.04660610817634707
PL_CTD_97,0.043385363907525024
PL_CTD_334,0.04234284634603456
PL_CTDD_144,0.04169643906318772
PL_CTD_43,0.040589056964239804
PL_CTD_333,0.04033603109701721
PL_CTD_41,0.03827892423910025
PL_CTD_338,0.03819211151372984
PL_CTD_191,0.03731339382362221
PL_CTD_174,0.035020518889117745
PL_CTD_321,0.03473375207168339
PL_CTD_272,0.033762854093597264
PL_CTD_339,0.03370258842678746
PL_CTD_230,0.03348850244197773
PL_CTD_324,0.03329549384385058
PL_CTD_195,0.0330820885122825
PL_CTD_180,0.033074549698007466
PL_CTD_266,0.03276692896997963
PL_CTD_48,0.03135823991865906
PL_CTD_146,0.031117824304873375
PL_CTD_340,0.030826281625259612
PL_CTD_336,0.029347559517361482
PL_CTD_105,0.028355607718632336
PL_CTD_300,0.027553944781742442
PL_CTD_337,0.026552914333363438
PL_CTD_314,0.025129467142278494
PL_CTD_328,0.024558929297723676
PL_CTD_342,0.02317359859861486
PL_CTD_293,0.021077370754329555
PL_CTD_335,0.020659580449558176
PL_CTD_292,0.01556037522921028
PL_CTD_244,0.014486235723786314
PL_CTD_341,0.014437234841104953
